timestamp,Open,Close,High,Low,Volume
2023-01-02 09:30:00,100.05,100.24,100.31,100.02,189
2023-01-02 09:31:00,100.04,99.98,100.09,99.9,8529
2023-01-02 09:32:00,100.14,100.26,100.35,100.08,5049
2023-01-02 09:33:00,100.01,99.96,100.09,99.93,8909
2023-01-02 09:34:00,100.07,99.87,100.16,99.81,9466
2023-01-02 09:35:00,100.0,99.94,100.07,99.91,7158
2023-01-02 09:36:00,100.04,100.03,100.09,99.97,6444
2023-01-02 09:37:00,100.19,100.26,100.32,100.09,1292
2023-01-02 09:38:00,100.16,100.15,100.2,100.15,7618
2023-01-02 09:39:00,100.21,100.33,100.4,100.16,4910
2023-01-02 09:40:00,100.19,100.17,100.21,100.17,1815
2023-01-02 09:41:00,100.4,100.5,100.59,100.33,630
2023-01-02 09:42:00,100.44,100.46,100.53,100.35,3569
2023-01-02 09:43:00,100.53,100.55,100.63,100.52,6249
2023-01-02 09:44:00,100.49,100.48,100.49,100.43,6951
2023-01-02 09:45:00,100.6,100.5,100.63,100.42,1150
2023-01-02 09:46:00,100.75,100.67,100.77,100.64,7049
2023-01-02 09:47:00,100.79,100.78,100.82,100.72,7252
2023-01-02 09:48:00,100.73,100.69,100.75,100.66,4977
2023-01-02 09:49:00,100.66,100.61,100.74,100.6,1455
2023-01-02 09:50:00,100.59,100.71,100.75,100.57,2562
2023-01-02 09:51:00,100.58,100.75,100.84,100.56,8228
2023-01-02 09:52:00,100.44,100.35,100.51,100.26,453
2023-01-02 09:53:00,100.52,100.49,100.6,100.43,8048
2023-01-02 09:54:00,100.41,100.42,100.45,100.39,3537
2023-01-02 09:55:00,100.48,100.41,100.51,100.32,6225
2023-01-02 09:56:00,100.45,100.6,100.64,100.41,9253
2023-01-02 09:57:00,100.41,100.22,100.45,100.15,3450
2023-01-02 09:58:00,100.26,100.1,100.28,100.03,6182
2023-01-02 09:59:00,100.12,100.31,100.34,100.1,2636
2023-01-02 10:00:00,100.06,100.05,100.07,100.01,9829
2023-01-02 10:01:00,100.2,100.33,100.38,100.11,7243
2023-01-02 10:02:00,100.15,99.95,100.2,99.94,326
2023-01-02 10:03:00,100.09,100.03,100.14,99.95,2789
2023-01-02 10:04:00,100.22,100.19,100.23,100.15,8568
2023-01-02 10:05:00,100.21,100.22,100.26,100.11,2198
2023-01-02 10:06:00,100.1,99.96,100.17,99.89,4853
2023-01-02 10:07:00,100.09,100.05,100.13,100.02,9487
2023-01-02 10:08:00,99.97,99.78,100.06,99.74,5573
2023-01-02 10:09:00,99.91,100.03,100.09,99.9,512
2023-01-02 10:10:00,99.93,99.83,100.02,99.8,9306
2023-01-02 10:11:00,99.99,99.97,100.06,99.93,9845
2023-01-02 10:12:00,99.94,99.97,100.07,99.93,8958
2023-01-02 10:13:00,99.97,99.98,100.07,99.96,2832
2023-01-02 10:14:00,99.92,99.92,100.02,99.91,6895
2023-01-02 10:15:00,100.05,100.15,100.21,100.02,116
2023-01-02 10:16:00,100.06,100.14,100.17,99.99,1358
2023-01-02 10:17:00,100.21,100.11,100.27,100.08,8794
2023-01-02 10:18:00,100.27,100.46,100.5,100.2,9227
2023-01-02 10:19:00,100.44,100.51,100.56,100.44,2358
2023-01-02 10:20:00,100.41,100.31,100.43,100.27,7045
2023-01-02 10:21:00,100.5,100.51,100.6,100.46,7106
2023-01-02 10:22:00,100.56,100.55,100.6,100.53,2662
2023-01-02 10:23:00,100.63,100.68,100.73,100.62,8881
2023-01-02 10:24:00,100.78,100.84,100.89,100.78,4580
2023-01-02 10:25:00,100.85,100.85,100.93,100.83,7829
2023-01-02 10:26:00,100.88,100.95,100.97,100.83,1609
2023-01-02 10:27:00,100.88,100.87,100.92,100.79,6039
2023-01-02 10:28:00,100.98,100.96,101.02,100.89,1292
2023-01-02 10:29:00,100.93,100.91,101.0,100.84,3062
2023-01-02 10:30:00,100.98,100.94,101.0,100.92,7040
2023-01-02 10:31:00,101.09,101.01,101.14,100.91,6657
2023-01-02 10:32:00,101.02,101.05,101.07,100.97,7841
2023-01-02 10:33:00,101.15,101.09,101.17,101.0,5078
2023-01-02 10:34:00,101.2,101.21,101.25,101.12,6519
2023-01-02 10:35:00,100.99,101.1,101.12,100.96,5671
2023-01-02 10:36:00,101.0,100.98,101.1,100.98,1006
2023-01-02 10:37:00,101.01,101.03,101.09,100.93,382
2023-01-02 10:38:00,101.04,101.02,101.07,100.95,7800
2023-01-02 10:39:00,101.11,101.13,101.21,101.08,785
2023-01-02 10:40:00,101.21,101.1,101.26,101.03,2009
2023-01-02 10:41:00,101.33,101.31,101.36,101.27,1625
2023-01-02 10:42:00,101.23,101.09,101.33,101.06,3831
2023-01-02 10:43:00,101.35,101.51,101.55,101.34,125
2023-01-02 10:44:00,101.26,101.22,101.29,101.12,4592
2023-01-02 10:45:00,101.23,101.13,101.32,101.1,4663
2023-01-02 10:46:00,101.08,101.22,101.25,101.04,964
2023-01-02 10:47:00,101.07,101.09,101.15,100.98,2690
2023-01-02 10:48:00,101.09,100.96,101.15,100.88,8158
2023-01-02 10:49:00,101.15,101.16,101.2,101.12,9043
2023-01-02 10:50:00,101.25,101.23,101.31,101.22,6896
2023-01-02 10:51:00,101.17,101.19,101.21,101.08,3855
2023-01-02 10:52:00,101.18,101.17,101.19,101.11,2017
2023-01-02 10:53:00,101.29,101.42,101.47,101.23,1237
2023-01-02 10:54:00,101.2,101.24,101.33,101.16,520
2023-01-02 10:55:00,101.28,101.33,101.42,101.26,8510
2023-01-02 10:56:00,101.24,101.33,101.41,101.21,1253
2023-01-02 10:57:00,101.09,101.2,101.26,101.03,7535
2023-01-02 10:58:00,101.0,100.93,101.08,100.87,1834
2023-01-02 10:59:00,101.04,101.09,101.11,101.02,8848
2023-01-02 11:00:00,101.16,101.24,101.33,101.15,7671
2023-01-02 11:01:00,101.12,101.13,101.19,101.05,568
2023-01-02 11:02:00,101.13,101.14,101.15,101.11,6667
2023-01-02 11:03:00,101.14,101.15,101.21,101.08,3002
2023-01-02 11:04:00,101.13,101.25,101.31,101.03,849
2023-01-02 11:05:00,101.31,101.17,101.36,101.07,7279
2023-01-02 11:06:00,101.19,101.32,101.41,101.14,4607
2023-01-02 11:07:00,101.25,101.16,101.3,101.07,1601
2023-01-02 11:08:00,101.19,101.31,101.37,101.16,6756
2023-01-02 11:09:00,101.15,101.17,101.17,101.08,4786
2023-01-02 11:10:00,101.15,101.18,101.19,101.13,5420
2023-01-02 11:11:00,101.25,101.33,101.39,101.23,2998
2023-01-02 11:12:00,101.11,101.05,101.2,100.97,1427
2023-01-02 11:13:00,101.12,101.07,101.15,101.0,9445
2023-01-02 11:14:00,100.9,100.94,101.03,100.85,9721
2023-01-02 11:15:00,100.92,100.94,100.96,100.91,6314
2023-01-02 11:16:00,101.01,101.04,101.05,100.94,7819
2023-01-02 11:17:00,101.11,100.99,101.14,100.93,1591
2023-01-02 11:18:00,101.03,101.19,101.29,100.98,3460
2023-01-02 11:19:00,101.05,101.17,101.26,100.96,3880
2023-01-02 11:20:00,100.98,100.9,101.08,100.88,7990
2023-01-02 11:21:00,100.95,100.74,101.05,100.72,711
2023-01-02 11:22:00,101.07,100.94,101.12,100.88,6098
2023-01-02 11:23:00,100.98,100.94,101.05,100.86,9628
2023-01-02 11:24:00,100.81,100.9,100.93,100.77,5268
2023-01-02 11:25:00,100.79,100.68,100.84,100.64,3426
2023-01-02 11:26:00,100.76,100.66,100.85,100.58,6393
2023-01-02 11:27:00,100.8,100.9,100.95,100.73,6972
2023-01-02 11:28:00,100.89,100.99,101.01,100.79,7671
2023-01-02 11:29:00,100.95,100.85,100.97,100.79,7634
2023-01-02 11:30:00,101.1,101.02,101.18,100.92,3068
2023-01-02 11:31:00,101.06,101.05,101.12,101.01,7144
2023-01-02 11:32:00,101.03,101.05,101.06,101.01,4160
2023-01-02 11:33:00,101.0,100.96,101.04,100.91,1971
2023-01-02 11:34:00,100.86,100.78,100.92,100.75,1888
2023-01-02 11:35:00,100.8,100.81,100.88,100.72,9169
2023-01-02 11:36:00,100.77,100.92,100.98,100.69,5890
2023-01-02 11:37:00,100.84,100.81,100.89,100.79,9894
2023-01-02 11:38:00,100.83,100.89,100.97,100.78,2052
2023-01-02 11:39:00,100.77,100.55,100.85,100.5,9403
2023-01-02 11:40:00,100.6,100.39,100.62,100.31,6642
2023-01-02 11:41:00,100.62,100.54,100.63,100.51,352
2023-01-02 11:42:00,100.68,100.78,100.81,100.65,7833
2023-01-02 11:43:00,100.66,100.6,100.74,100.54,5023
2023-01-02 11:44:00,100.6,100.68,100.69,100.56,1914
2023-01-02 11:45:00,100.44,100.42,100.51,100.37,1281
2023-01-02 11:46:00,100.34,100.3,100.36,100.27,3800
2023-01-02 11:47:00,100.13,99.93,100.16,99.92,6232
2023-01-02 11:48:00,100.11,100.03,100.2,99.97,802
2023-01-02 11:49:00,100.29,100.09,100.36,100.07,8269
2023-01-02 11:50:00,100.3,100.17,100.33,100.13,7353
2023-01-02 11:51:00,100.27,100.13,100.3,100.08,3972
2023-01-02 11:52:00,100.19,100.12,100.22,100.1,1629
2023-01-02 11:53:00,100.15,100.24,100.27,100.14,1844
2023-01-02 11:54:00,100.31,100.16,100.4,100.09,3332
2023-01-02 11:55:00,100.26,100.23,100.31,100.21,927
2023-01-02 11:56:00,100.37,100.26,100.44,100.18,6664
2023-01-02 11:57:00,100.32,100.3,100.39,100.28,6787
2023-01-02 11:58:00,100.27,100.36,100.42,100.22,366
2023-01-02 11:59:00,100.16,100.16,100.16,100.06,6879
2023-01-02 12:00:00,100.05,100.25,100.26,100.01,2219
2023-01-02 12:01:00,100.06,100.2,100.27,99.97,1013
2023-01-02 12:02:00,100.0,99.87,100.0,99.84,6047
2023-01-02 12:03:00,99.98,100.15,100.22,99.98,133
2023-01-02 12:04:00,100.12,99.99,100.15,99.91,3837
2023-01-02 12:05:00,100.1,100.14,100.22,100.06,4729
2023-01-02 12:06:00,100.1,100.13,100.16,100.03,5439
2023-01-02 12:07:00,99.84,99.88,99.97,99.79,4438
2023-01-02 12:08:00,99.83,99.79,99.9,99.71,3750
2023-01-02 12:09:00,99.82,99.97,100.01,99.81,3554
2023-01-02 12:10:00,100.07,100.18,100.19,100.04,8207
2023-01-02 12:11:00,100.01,100.01,100.1,99.91,1137
2023-01-02 12:12:00,99.96,99.93,100.0,99.85,7852
2023-01-02 12:13:00,100.07,100.0,100.15,99.93,9538
2023-01-02 12:14:00,100.08,99.95,100.14,99.86,2878
2023-01-02 12:15:00,99.93,99.76,99.97,99.74,6221
2023-01-02 12:16:00,99.82,99.76,99.89,99.74,5558
2023-01-02 12:17:00,99.91,99.85,99.94,99.76,7425
2023-01-02 12:18:00,100.01,99.91,100.03,99.88,3755
2023-01-02 12:19:00,100.16,100.25,100.34,100.07,8195
2023-01-02 12:20:00,100.04,100.0,100.09,99.91,4570
2023-01-02 12:21:00,100.24,100.28,100.31,100.22,2523
2023-01-02 12:22:00,100.33,100.34,100.43,100.27,4058
2023-01-02 12:23:00,100.45,100.66,100.68,100.4,1632
2023-01-02 12:24:00,100.25,100.32,100.38,100.17,451
2023-01-02 12:25:00,100.29,100.06,100.31,100.0,7065
2023-01-02 12:26:00,100.31,100.43,100.47,100.27,3950
2023-01-02 12:27:00,100.31,100.28,100.35,100.25,690
2023-01-02 12:28:00,100.48,100.48,100.5,100.41,4991
2023-01-02 12:29:00,100.63,100.69,100.73,100.57,7168
2023-01-02 12:30:00,100.48,100.6,100.63,100.39,6584
2023-01-02 12:31:00,100.45,100.56,100.65,100.42,4467
2023-01-02 12:32:00,100.48,100.6,100.67,100.47,2391
2023-01-02 12:33:00,100.5,100.54,100.61,100.44,8502
2023-01-02 12:34:00,100.38,100.4,100.42,100.33,8117
2023-01-02 12:35:00,100.32,100.39,100.42,100.27,6483
2023-01-02 12:36:00,100.39,100.49,100.53,100.39,9105
2023-01-02 12:37:00,100.36,100.22,100.43,100.15,409
2023-01-02 12:38:00,100.25,100.08,100.29,100.04,4989
2023-01-02 12:39:00,100.32,100.32,100.34,100.3,3949
2023-01-02 12:40:00,100.26,100.21,100.32,100.14,3481
2023-01-02 12:41:00,100.19,100.24,100.25,100.11,1398
2023-01-02 12:42:00,100.0,99.9,100.06,99.83,8791
2023-01-02 12:43:00,99.81,99.86,99.94,99.8,8679
2023-01-02 12:44:00,99.92,99.85,99.97,99.82,386
2023-01-02 12:45:00,99.97,99.96,99.98,99.89,303
2023-01-02 12:46:00,99.97,99.83,99.99,99.79,9586
2023-01-02 12:47:00,100.0,100.11,100.12,99.99,1678
2023-01-02 12:48:00,100.0,99.97,100.06,99.93,4270
2023-01-02 12:49:00,100.07,100.11,100.12,99.97,5845
2023-01-02 12:50:00,100.05,99.93,100.09,99.85,7686
2023-01-02 12:51:00,100.21,100.29,100.31,100.15,9978
2023-01-02 12:52:00,100.35,100.37,100.43,100.29,9278
2023-01-02 12:53:00,100.52,100.48,100.57,100.41,302
2023-01-02 12:54:00,100.55,100.68,100.72,100.46,9164
2023-01-02 12:55:00,100.59,100.61,100.67,100.5,8077
2023-01-02 12:56:00,100.66,100.65,100.75,100.61,6543
2023-01-02 12:57:00,100.5,100.69,100.77,100.44,2090
2023-01-02 12:58:00,100.46,100.4,100.55,100.35,7832
2023-01-02 12:59:00,100.58,100.71,100.76,100.56,6672
2023-01-02 13:00:00,100.68,100.73,100.81,100.64,1598
2023-01-02 13:01:00,100.71,100.77,100.84,100.68,8467
2023-01-02 13:02:00,100.79,100.66,100.86,100.62,4603
2023-01-02 13:03:00,100.89,100.93,100.95,100.88,8519
2023-01-02 13:04:00,100.82,100.75,100.82,100.69,2650
2023-01-02 13:05:00,100.68,100.57,100.72,100.55,1099
2023-01-02 13:06:00,100.62,100.63,100.66,100.61,716
2023-01-02 13:07:00,100.52,100.46,100.54,100.41,7867
2023-01-02 13:08:00,100.59,100.58,100.68,100.49,7647
2023-01-02 13:09:00,100.68,100.75,100.78,100.65,2409
2023-01-02 13:10:00,100.62,100.47,100.72,100.44,1595
2023-01-02 13:11:00,100.85,100.78,100.9,100.74,6851
2023-01-02 13:12:00,100.72,100.83,100.91,100.66,1401
2023-01-02 13:13:00,100.65,100.6,100.75,100.54,7246
2023-01-02 13:14:00,100.68,100.74,100.75,100.66,4288
2023-01-02 13:15:00,100.77,100.93,101.02,100.69,868
2023-01-02 13:16:00,100.81,100.62,100.87,100.57,2182
2023-01-02 13:17:00,100.8,100.66,100.83,100.64,1944
2023-01-02 13:18:00,100.99,101.14,101.14,100.97,3037
2023-01-02 13:19:00,100.95,100.97,100.99,100.91,8945
2023-01-02 13:20:00,100.99,101.07,101.13,100.92,793
2023-01-02 13:21:00,100.93,100.82,101.0,100.77,8398
2023-01-02 13:22:00,100.94,100.92,100.96,100.85,5230
2023-01-02 13:23:00,100.92,100.8,100.96,100.75,8952
2023-01-02 13:24:00,100.88,100.73,100.9,100.67,2708
2023-01-02 13:25:00,100.9,100.74,100.95,100.71,8754
2023-01-02 13:26:00,101.04,100.95,101.09,100.91,4377
2023-01-02 13:27:00,101.18,101.2,101.28,101.12,4886
2023-01-02 13:28:00,101.46,101.54,101.54,101.42,1126
2023-01-02 13:29:00,101.39,101.46,101.5,101.37,1173
2023-01-02 13:30:00,101.45,101.49,101.56,101.43,670
2023-01-02 13:31:00,101.53,101.54,101.55,101.5,6148
2023-01-02 13:32:00,101.57,101.57,101.66,101.55,7437
2023-01-02 13:33:00,101.54,101.56,101.66,101.44,2962
2023-01-02 13:34:00,101.67,101.77,101.81,101.61,6290
2023-01-02 13:35:00,101.55,101.63,101.69,101.51,9783
2023-01-02 13:36:00,101.52,101.49,101.57,101.45,716
2023-01-02 13:37:00,101.34,101.18,101.41,101.08,948
2023-01-02 13:38:00,101.27,101.21,101.37,101.13,6313
2023-01-02 13:39:00,101.2,101.26,101.27,101.12,9161
2023-01-02 13:40:00,101.33,101.4,101.5,101.3,8702
2023-01-02 13:41:00,101.17,101.3,101.4,101.12,286
2023-01-02 13:42:00,101.06,101.14,101.18,101.05,6573
2023-01-02 13:43:00,101.15,101.19,101.24,101.1,1936
2023-01-02 13:44:00,101.05,101.1,101.18,101.04,9030
2023-01-02 13:45:00,100.97,100.88,101.02,100.88,5308
2023-01-02 13:46:00,100.88,100.96,101.0,100.81,2253
2023-01-02 13:47:00,100.82,100.88,100.95,100.75,2052
2023-01-02 13:48:00,100.68,100.69,100.72,100.6,952
2023-01-02 13:49:00,100.61,100.51,100.7,100.46,2109
2023-01-02 13:50:00,100.58,100.7,100.7,100.51,2941
2023-01-02 13:51:00,100.78,100.48,100.83,100.43,2890
2023-01-02 13:52:00,100.72,100.91,100.96,100.7,4027
2023-01-02 13:53:00,100.83,100.95,101.04,100.81,5678
2023-01-02 13:54:00,100.83,100.61,100.87,100.52,9551
2023-01-02 13:55:00,101.0,101.01,101.06,100.96,9401
2023-01-02 13:56:00,100.88,100.85,100.91,100.8,7285
2023-01-02 13:57:00,100.87,100.84,100.94,100.8,980
2023-01-02 13:58:00,100.88,100.8,100.91,100.76,448
2023-01-02 13:59:00,101.0,101.1,101.12,100.95,8993
2023-01-02 14:00:00,100.86,100.91,101.0,100.77,8676
2023-01-02 14:01:00,100.82,100.91,100.92,100.75,1711
2023-01-02 14:02:00,100.79,100.89,100.91,100.74,8355
2023-01-02 14:03:00,100.73,100.59,100.75,100.59,6649
2023-01-02 14:04:00,100.72,100.67,100.75,100.58,463
2023-01-02 14:05:00,100.7,100.65,100.79,100.61,7563
2023-01-02 14:06:00,100.59,100.57,100.64,100.48,1157
2023-01-02 14:07:00,100.65,100.7,100.78,100.63,9456
2023-01-02 14:08:00,100.77,100.65,100.84,100.65,5176
2023-01-02 14:09:00,100.7,100.72,100.79,100.62,737
2023-01-02 14:10:00,100.66,100.5,100.75,100.43,5649
2023-01-02 14:11:00,100.66,100.61,100.71,100.54,6508
2023-01-02 14:12:00,100.65,100.45,100.67,100.44,4223
2023-01-02 14:13:00,100.68,100.6,100.7,100.56,2848
2023-01-02 14:14:00,100.75,100.65,100.75,100.57,3895
2023-01-02 14:15:00,100.41,100.41,100.43,100.4,7699
2023-01-02 14:16:00,100.54,100.49,100.54,100.47,5144
2023-01-02 14:17:00,100.52,100.55,100.59,100.47,434
2023-01-02 14:18:00,100.53,100.59,100.65,100.51,6615
2023-01-02 14:19:00,100.46,100.39,100.55,100.3,2878
2023-01-02 14:20:00,100.4,100.35,100.5,100.33,430
2023-01-02 14:21:00,100.38,100.48,100.52,100.34,4227
2023-01-02 14:22:00,100.23,100.25,100.34,100.21,8888
2023-01-02 14:23:00,100.19,100.22,100.29,100.16,7442
2023-01-02 14:24:00,100.06,100.14,100.21,100.01,3627
2023-01-02 14:25:00,99.97,99.78,100.03,99.72,9529
2023-01-02 14:26:00,100.14,99.87,100.22,99.78,1781
2023-01-02 14:27:00,100.12,99.95,100.13,99.93,7532
2023-01-02 14:28:00,100.2,100.16,100.25,100.07,839
2023-01-02 14:29:00,100.2,100.14,100.22,100.07,8655
2023-01-02 14:30:00,100.01,99.99,100.06,99.91,8523
2023-01-02 14:31:00,100.11,100.16,100.26,100.02,1157
2023-01-02 14:32:00,100.17,100.15,100.17,100.12,9743
2023-01-02 14:33:00,100.13,100.16,100.21,100.1,3776
2023-01-02 14:34:00,100.16,100.1,100.26,100.05,7044
2023-01-02 14:35:00,100.21,100.23,100.23,100.17,7389
2023-01-02 14:36:00,100.34,100.32,100.35,100.23,2739
2023-01-02 14:37:00,100.39,100.37,100.42,100.28,8929
2023-01-02 14:38:00,100.26,100.35,100.44,100.25,6191
2023-01-02 14:39:00,100.27,100.27,100.31,100.22,4124
2023-01-02 14:40:00,100.13,100.11,100.2,100.05,9984
2023-01-02 14:41:00,100.16,100.18,100.23,100.08,2818
2023-01-02 14:42:00,100.01,99.93,100.07,99.89,4892
2023-01-02 14:43:00,99.98,100.08,100.09,99.89,7874
2023-01-02 14:44:00,100.22,100.32,100.39,100.21,7378
2023-01-02 14:45:00,100.07,99.99,100.15,99.89,627
2023-01-02 14:46:00,100.24,100.42,100.48,100.21,136
2023-01-02 14:47:00,100.26,100.31,100.31,100.22,7470
2023-01-02 14:48:00,100.24,100.31,100.32,100.19,8551
2023-01-02 14:49:00,100.21,100.25,100.29,100.12,680
2023-01-02 14:50:00,100.07,99.96,100.16,99.95,2743
2023-01-02 14:51:00,100.01,99.92,100.02,99.87,4282
2023-01-02 14:52:00,99.83,99.75,99.88,99.66,4635
2023-01-02 14:53:00,99.71,99.68,99.75,99.64,7527
2023-01-02 14:54:00,99.85,99.78,99.9,99.75,3612
2023-01-02 14:55:00,99.81,99.95,100.05,99.74,4926
2023-01-02 14:56:00,99.76,99.84,99.92,99.69,1040
2023-01-02 14:57:00,99.81,99.83,99.87,99.75,4060
2023-01-02 14:58:00,99.81,99.94,100.02,99.79,7075
2023-01-02 14:59:00,99.74,99.82,99.88,99.66,5865
2023-01-02 15:00:00,99.8,99.89,99.89,99.8,6267
2023-01-02 15:01:00,99.85,99.66,99.88,99.61,799
2023-01-02 15:02:00,99.78,99.83,99.86,99.78,3072
2023-01-02 15:03:00,99.96,100.05,100.1,99.96,3574
2023-01-02 15:04:00,100.02,100.14,100.17,100.01,3111
2023-01-02 15:05:00,99.98,99.98,100.03,99.89,6825
2023-01-02 15:06:00,99.94,100.03,100.09,99.92,5710
2023-01-02 15:07:00,99.92,99.9,99.93,99.8,511
2023-01-02 15:08:00,99.93,99.88,99.97,99.84,335
2023-01-02 15:09:00,99.85,99.89,99.89,99.8,2085
2023-01-02 15:10:00,99.75,99.81,99.84,99.68,7045
2023-01-02 15:11:00,99.5,99.48,99.54,99.38,4018
2023-01-02 15:12:00,99.6,99.8,99.81,99.52,1312
2023-01-02 15:13:00,99.71,99.68,99.79,99.59,4279
2023-01-02 15:14:00,99.72,99.57,99.79,99.55,6040
2023-01-02 15:15:00,99.86,99.96,100.02,99.82,5051
2023-01-02 15:16:00,99.91,99.74,99.93,99.68,5570
2023-01-02 15:17:00,99.93,99.81,99.95,99.78,3927
2023-01-02 15:18:00,99.83,99.76,99.89,99.68,4123
2023-01-02 15:19:00,99.84,99.82,99.92,99.76,7867
2023-01-02 15:20:00,99.67,99.5,99.73,99.5,4943
2023-01-02 15:21:00,99.62,99.6,99.67,99.5,9322
2023-01-02 15:22:00,99.63,99.5,99.68,99.46,1052
2023-01-02 15:23:00,99.67,99.69,99.73,99.58,6863
2023-01-02 15:24:00,99.64,99.64,99.7,99.58,6335
2023-01-02 15:25:00,99.53,99.64,99.68,99.45,4062
2023-01-02 15:26:00,99.23,99.05,99.3,99.04,2295
2023-01-02 15:27:00,99.34,99.35,99.4,99.27,2305
2023-01-02 15:28:00,99.39,99.43,99.48,99.29,3389
2023-01-02 15:29:00,99.45,99.39,99.53,99.38,3613
2023-01-02 15:30:00,99.42,99.28,99.49,99.23,7112
2023-01-02 15:31:00,99.61,99.81,99.89,99.56,5092
2023-01-02 15:32:00,99.47,99.34,99.48,99.28,541
2023-01-02 15:33:00,99.37,99.47,99.55,99.36,9462
2023-01-02 15:34:00,99.35,99.38,99.41,99.3,4958
2023-01-02 15:35:00,99.41,99.52,99.56,99.37,743
2023-01-02 15:36:00,99.28,99.52,99.59,99.24,5085
2023-01-02 15:37:00,99.14,99.14,99.19,99.06,2631
2023-01-02 15:38:00,99.18,99.23,99.33,99.09,4139
2023-01-02 15:39:00,99.24,99.39,99.45,99.19,5825
2023-01-02 15:40:00,99.17,99.31,99.34,99.13,112
2023-01-02 15:41:00,99.2,99.19,99.27,99.13,5751
2023-01-02 15:42:00,99.23,99.31,99.35,99.2,9290
2023-01-02 15:43:00,99.32,99.28,99.41,99.19,7959
2023-01-02 15:44:00,99.29,99.3,99.32,99.23,1872
2023-01-02 15:45:00,99.37,99.51,99.56,99.29,7456
2023-01-02 15:46:00,99.51,99.43,99.51,99.34,3673
2023-01-02 15:47:00,99.44,99.42,99.51,99.4,2180
2023-01-02 15:48:00,99.48,99.6,99.62,99.39,2676
2023-01-02 15:49:00,99.45,99.46,99.51,99.35,4574
2023-01-02 15:50:00,99.4,99.22,99.47,99.15,397
2023-01-02 15:51:00,99.37,99.33,99.43,99.28,4666
2023-01-02 15:52:00,99.36,99.49,99.53,99.27,3340
2023-01-02 15:53:00,99.31,99.24,99.31,99.18,2245
2023-01-02 15:54:00,99.19,99.16,99.2,99.12,3399
2023-01-02 15:55:00,98.93,98.88,99.02,98.82,7572
2023-01-02 15:56:00,99.02,98.99,99.04,98.92,3008
2023-01-02 15:57:00,98.85,98.82,98.86,98.73,4452
2023-01-02 15:58:00,98.92,98.73,98.94,98.71,3542
2023-01-02 15:59:00,98.88,98.96,98.98,98.82,8744
2023-01-02 16:00:00,98.82,98.74,98.88,98.64,3760
2023-01-03 09:30:00,98.63,98.69,98.7,98.58,8021
2023-01-03 09:31:00,98.54,98.4,98.55,98.31,5534
2023-01-03 09:32:00,98.64,98.61,98.69,98.52,4683
2023-01-03 09:33:00,98.68,98.81,98.91,98.63,3646
2023-01-03 09:34:00,98.56,98.67,98.71,98.54,3699
2023-01-03 09:35:00,98.7,98.72,98.81,98.64,3388
2023-01-03 09:36:00,98.72,98.74,98.77,98.69,9590
2023-01-03 09:37:00,98.55,98.67,98.75,98.51,3671
2023-01-03 09:38:00,98.78,98.72,98.79,98.7,2162
2023-01-03 09:39:00,98.77,98.61,98.78,98.59,3082
2023-01-03 09:40:00,98.68,98.74,98.81,98.68,3815
2023-01-03 09:41:00,98.62,98.67,98.71,98.56,3782
2023-01-03 09:42:00,98.62,98.57,98.64,98.55,7544
2023-01-03 09:43:00,98.55,98.52,98.64,98.51,4292
2023-01-03 09:44:00,98.57,98.52,98.66,98.52,186
2023-01-03 09:45:00,98.52,98.39,98.57,98.31,9944
2023-01-03 09:46:00,98.49,98.39,98.56,98.36,2872
2023-01-03 09:47:00,98.33,98.24,98.35,98.17,3385
2023-01-03 09:48:00,98.21,98.26,98.3,98.14,5509
2023-01-03 09:49:00,98.04,98.02,98.06,98.01,9038
2023-01-03 09:50:00,98.16,98.22,98.31,98.14,8480
2023-01-03 09:51:00,98.15,98.11,98.16,98.11,470
2023-01-03 09:52:00,98.27,98.08,98.28,98.04,7002
2023-01-03 09:53:00,98.29,98.18,98.37,98.12,1812
2023-01-03 09:54:00,98.38,98.47,98.52,98.34,7533
2023-01-03 09:55:00,98.53,98.64,98.69,98.48,960
2023-01-03 09:56:00,98.5,98.45,98.58,98.4,5426
2023-01-03 09:57:00,98.63,98.4,98.73,98.3,5268
2023-01-03 09:58:00,98.65,98.55,98.73,98.53,5391
2023-01-03 09:59:00,98.61,98.49,98.69,98.42,234
2023-01-03 10:00:00,98.66,98.63,98.68,98.54,4626
2023-01-03 10:01:00,98.78,98.8,98.9,98.71,5376
2023-01-03 10:02:00,98.81,98.78,98.83,98.77,1914
2023-01-03 10:03:00,98.66,98.63,98.69,98.56,7558
2023-01-03 10:04:00,98.54,98.69,98.75,98.49,6900
2023-01-03 10:05:00,98.54,98.54,98.57,98.46,1260
2023-01-03 10:06:00,98.66,98.64,98.72,98.62,3228
2023-01-03 10:07:00,98.7,98.7,98.8,98.67,243
2023-01-03 10:08:00,98.69,98.92,99.01,98.59,7053
2023-01-03 10:09:00,98.79,98.72,98.84,98.63,1520
2023-01-03 10:10:00,98.73,98.72,98.74,98.71,9457
2023-01-03 10:11:00,98.66,98.73,98.81,98.59,4783
2023-01-03 10:12:00,98.56,98.57,98.61,98.48,3127
2023-01-03 10:13:00,98.63,98.56,98.68,98.5,9673
2023-01-03 10:14:00,98.52,98.5,98.58,98.41,4558
2023-01-03 10:15:00,98.2,98.31,98.35,98.18,2888
2023-01-03 10:16:00,98.24,98.2,98.28,98.15,2895
2023-01-03 10:17:00,98.43,98.43,98.51,98.4,1140
2023-01-03 10:18:00,98.45,98.53,98.55,98.43,6224
2023-01-03 10:19:00,98.56,98.58,98.61,98.48,4003
2023-01-03 10:20:00,98.37,98.31,98.46,98.24,5247
2023-01-03 10:21:00,98.35,98.31,98.44,98.29,553
2023-01-03 10:22:00,98.29,98.34,98.44,98.28,7236
2023-01-03 10:23:00,98.29,98.17,98.32,98.14,1032
2023-01-03 10:24:00,98.37,98.32,98.38,98.31,6492
2023-01-03 10:25:00,98.26,98.22,98.32,98.14,6018
2023-01-03 10:26:00,98.21,98.18,98.29,98.12,4693
2023-01-03 10:27:00,98.41,98.38,98.45,98.34,3053
2023-01-03 10:28:00,98.44,98.33,98.52,98.28,1627
2023-01-03 10:29:00,98.44,98.56,98.64,98.36,1166
2023-01-03 10:30:00,98.33,98.43,98.49,98.25,8756
2023-01-03 10:31:00,98.27,98.38,98.43,98.24,8345
2023-01-03 10:32:00,98.18,98.23,98.24,98.15,9777
2023-01-03 10:33:00,98.17,98.12,98.24,98.04,3994
2023-01-03 10:34:00,98.4,98.28,98.48,98.21,3757
2023-01-03 10:35:00,98.41,98.34,98.48,98.33,6422
2023-01-03 10:36:00,98.46,98.43,98.5,98.39,1767
2023-01-03 10:37:00,98.48,98.32,98.54,98.29,6652
2023-01-03 10:38:00,98.45,98.61,98.63,98.44,1811
2023-01-03 10:39:00,98.39,98.25,98.46,98.17,9264
2023-01-03 10:40:00,98.36,98.34,98.4,98.32,2154
2023-01-03 10:41:00,98.34,98.4,98.43,98.33,6056
2023-01-03 10:42:00,98.35,98.3,98.39,98.27,5211
2023-01-03 10:43:00,98.4,98.42,98.43,98.35,7022
2023-01-03 10:44:00,98.33,98.54,98.62,98.32,9048
2023-01-03 10:45:00,98.39,98.44,98.44,98.32,8866
2023-01-03 10:46:00,98.25,98.19,98.27,98.16,118
2023-01-03 10:47:00,98.46,98.31,98.53,98.24,3367
2023-01-03 10:48:00,98.35,98.57,98.59,98.29,1932
2023-01-03 10:49:00,98.46,98.65,98.66,98.36,9576
2023-01-03 10:50:00,98.52,98.64,98.7,98.47,6326
2023-01-03 10:51:00,98.55,98.66,98.73,98.54,9291
2023-01-03 10:52:00,98.66,98.72,98.75,98.63,6833
2023-01-03 10:53:00,98.78,98.76,98.8,98.74,7620
2023-01-03 10:54:00,98.7,98.79,98.86,98.68,196
2023-01-03 10:55:00,98.87,98.91,98.96,98.79,3928
2023-01-03 10:56:00,98.75,98.99,99.01,98.72,6253
2023-01-03 10:57:00,98.82,98.9,98.99,98.74,3442
2023-01-03 10:58:00,98.87,98.97,99.05,98.8,6372
2023-01-03 10:59:00,98.81,98.72,98.87,98.68,8554
2023-01-03 11:00:00,98.88,98.83,98.95,98.82,6848
2023-01-03 11:01:00,98.9,98.89,98.96,98.82,9456
2023-01-03 11:02:00,98.88,98.84,98.91,98.75,288
2023-01-03 11:03:00,98.95,99.02,99.07,98.93,9917
2023-01-03 11:04:00,98.93,98.91,98.96,98.9,4577
2023-01-03 11:05:00,99.13,99.14,99.15,99.12,2169
2023-01-03 11:06:00,98.93,98.99,99.02,98.86,8033
2023-01-03 11:07:00,98.97,98.96,99.02,98.94,7467
2023-01-03 11:08:00,99.0,99.01,99.07,98.96,3241
2023-01-03 11:09:00,99.13,99.06,99.13,99.05,1810
2023-01-03 11:10:00,99.0,99.19,99.23,98.93,9716
2023-01-03 11:11:00,99.07,99.17,99.19,99.04,3244
2023-01-03 11:12:00,99.12,99.08,99.12,99.03,2607
2023-01-03 11:13:00,99.02,98.95,99.02,98.92,2592
2023-01-03 11:14:00,99.02,99.21,99.3,98.99,900
2023-01-03 11:15:00,98.94,98.87,98.99,98.86,1491
2023-01-03 11:16:00,98.92,98.64,98.97,98.56,4364
2023-01-03 11:17:00,98.94,98.9,99.01,98.82,6226
2023-01-03 11:18:00,98.92,98.89,98.93,98.82,8550
2023-01-03 11:19:00,98.85,98.77,98.93,98.71,9515
2023-01-03 11:20:00,98.7,98.64,98.74,98.55,9447
2023-01-03 11:21:00,98.59,98.69,98.74,98.54,7283
2023-01-03 11:22:00,98.53,98.61,98.67,98.52,5162
2023-01-03 11:23:00,98.6,98.47,98.61,98.41,9863
2023-01-03 11:24:00,98.72,98.56,98.77,98.47,5645
2023-01-03 11:25:00,98.95,98.86,99.0,98.77,8721
2023-01-03 11:26:00,98.92,99.01,99.06,98.86,1364
2023-01-03 11:27:00,98.73,98.73,98.73,98.72,8192
2023-01-03 11:28:00,98.77,98.66,98.8,98.64,5821
2023-01-03 11:29:00,98.87,98.94,99.02,98.77,7289
2023-01-03 11:30:00,98.79,98.9,98.93,98.7,7100
2023-01-03 11:31:00,98.75,98.83,98.83,98.67,3716
2023-01-03 11:32:00,98.7,98.7,98.71,98.69,1743
2023-01-03 11:33:00,98.73,98.73,98.8,98.72,8527
2023-01-03 11:34:00,98.7,98.74,98.83,98.66,181
2023-01-03 11:35:00,98.64,98.66,98.73,98.55,2553
2023-01-03 11:36:00,98.47,98.42,98.5,98.37,9578
2023-01-03 11:37:00,98.54,98.56,98.6,98.49,8955
2023-01-03 11:38:00,98.74,98.79,98.79,98.69,934
2023-01-03 11:39:00,98.79,98.84,98.87,98.74,5737
2023-01-03 11:40:00,98.76,98.72,98.82,98.65,3230
2023-01-03 11:41:00,98.81,98.62,98.86,98.52,5521
2023-01-03 11:42:00,98.86,98.66,98.93,98.59,1761
2023-01-03 11:43:00,98.64,98.76,98.79,98.55,9145
2023-01-03 11:44:00,98.82,98.87,98.94,98.8,4343
2023-01-03 11:45:00,98.74,98.74,98.81,98.65,2309
2023-01-03 11:46:00,98.7,98.72,98.78,98.62,5692
2023-01-03 11:47:00,98.63,98.58,98.67,98.54,323
2023-01-03 11:48:00,98.56,98.32,98.64,98.3,892
2023-01-03 11:49:00,98.49,98.62,98.65,98.45,4415
2023-01-03 11:50:00,98.52,98.61,98.67,98.49,5383
2023-01-03 11:51:00,98.51,98.42,98.51,98.41,2694
2023-01-03 11:52:00,98.28,98.33,98.39,98.26,1338
2023-01-03 11:53:00,98.38,98.29,98.41,98.27,9218
2023-01-03 11:54:00,98.45,98.45,98.48,98.39,8243
2023-01-03 11:55:00,98.56,98.7,98.74,98.46,6500
2023-01-03 11:56:00,98.63,98.75,98.84,98.56,1713
2023-01-03 11:57:00,98.62,98.83,98.83,98.57,5194
2023-01-03 11:58:00,98.55,98.77,98.83,98.5,3588
2023-01-03 11:59:00,98.45,98.55,98.6,98.36,519
2023-01-03 12:00:00,98.4,98.44,98.45,98.34,3152
2023-01-03 12:01:00,98.36,98.47,98.56,98.31,1279
2023-01-03 12:02:00,98.39,98.36,98.45,98.32,9629
2023-01-03 12:03:00,98.27,98.07,98.33,98.03,1535
2023-01-03 12:04:00,98.15,98.19,98.22,98.13,715
2023-01-03 12:05:00,98.14,98.2,98.29,98.04,1309
2023-01-03 12:06:00,98.19,98.21,98.22,98.15,8895
2023-01-03 12:07:00,98.36,98.4,98.46,98.28,7889
2023-01-03 12:08:00,98.23,98.22,98.23,98.19,8498
2023-01-03 12:09:00,98.13,98.38,98.41,98.04,3393
2023-01-03 12:10:00,98.32,98.36,98.37,98.23,9740
2023-01-03 12:11:00,98.61,98.56,98.63,98.46,6117
2023-01-03 12:12:00,98.51,98.75,98.8,98.48,4570
2023-01-03 12:13:00,98.36,98.23,98.43,98.17,6011
2023-01-03 12:14:00,98.43,98.54,98.57,98.33,9396
2023-01-03 12:15:00,98.38,98.44,98.52,98.33,2506
2023-01-03 12:16:00,98.5,98.43,98.56,98.36,5740
2023-01-03 12:17:00,98.74,98.69,98.81,98.65,986
2023-01-03 12:18:00,98.84,98.73,98.91,98.7,6179
2023-01-03 12:19:00,98.78,98.64,98.8,98.63,6887
2023-01-03 12:20:00,98.81,98.81,98.82,98.8,1547
2023-01-03 12:21:00,98.71,98.67,98.74,98.65,7673
2023-01-03 12:22:00,98.68,98.78,98.84,98.59,9749
2023-01-03 12:23:00,98.6,98.71,98.71,98.59,5047
2023-01-03 12:24:00,98.58,98.6,98.69,98.51,5209
2023-01-03 12:25:00,98.53,98.42,98.54,98.41,3039
2023-01-03 12:26:00,98.33,98.4,98.42,98.3,9989
2023-01-03 12:27:00,98.46,98.55,98.58,98.38,7645
2023-01-03 12:28:00,98.33,98.29,98.37,98.19,3486
2023-01-03 12:29:00,98.41,98.42,98.43,98.32,3754
2023-01-03 12:30:00,98.39,98.35,98.43,98.33,9930
2023-01-03 12:31:00,98.3,98.43,98.47,98.23,537
2023-01-03 12:32:00,98.39,98.3,98.47,98.24,6819
2023-01-03 12:33:00,98.44,98.52,98.62,98.35,2993
2023-01-03 12:34:00,98.38,98.34,98.43,98.31,6638
2023-01-03 12:35:00,98.4,98.5,98.58,98.33,1983
2023-01-03 12:36:00,98.49,98.6,98.64,98.49,5700
2023-01-03 12:37:00,98.32,98.26,98.41,98.25,5299
2023-01-03 12:38:00,98.23,98.13,98.24,98.1,7524
2023-01-03 12:39:00,98.35,98.35,98.38,98.3,9936
2023-01-03 12:40:00,98.31,98.29,98.36,98.25,742
2023-01-03 12:41:00,98.4,98.56,98.64,98.35,5522
2023-01-03 12:42:00,98.29,98.29,98.29,98.19,322
2023-01-03 12:43:00,98.26,98.09,98.31,98.04,2966
2023-01-03 12:44:00,98.39,98.44,98.54,98.32,9102
2023-01-03 12:45:00,98.3,98.33,98.35,98.24,9094
2023-01-03 12:46:00,98.13,97.97,98.18,97.95,973
2023-01-03 12:47:00,98.34,98.2,98.39,98.14,8480
2023-01-03 12:48:00,98.24,98.2,98.33,98.2,8181
2023-01-03 12:49:00,98.28,98.23,98.35,98.21,6879
2023-01-03 12:50:00,98.15,98.09,98.18,98.04,8017
2023-01-03 12:51:00,98.27,98.5,98.58,98.2,8705
2023-01-03 12:52:00,98.29,98.26,98.35,98.16,1736
2023-01-03 12:53:00,98.3,98.41,98.43,98.25,5128
2023-01-03 12:54:00,98.36,98.16,98.38,98.11,4937
2023-01-03 12:55:00,98.46,98.62,98.66,98.39,7704
2023-01-03 12:56:00,98.47,98.42,98.53,98.4,5271
2023-01-03 12:57:00,98.51,98.49,98.57,98.48,939
2023-01-03 12:58:00,98.56,98.56,98.58,98.5,5142
2023-01-03 12:59:00,98.63,98.59,98.64,98.56,3799
2023-01-03 13:00:00,98.68,98.6,98.69,98.55,4566
2023-01-03 13:01:00,98.69,98.54,98.72,98.51,8572
2023-01-03 13:02:00,98.76,98.69,98.85,98.67,376
2023-01-03 13:03:00,98.85,98.86,98.87,98.78,3213
2023-01-03 13:04:00,98.81,98.79,98.87,98.71,9125
2023-01-03 13:05:00,98.73,98.67,98.73,98.66,9289
2023-01-03 13:06:00,98.67,98.42,98.73,98.33,2200
2023-01-03 13:07:00,98.72,98.68,98.74,98.6,5592
2023-01-03 13:08:00,98.62,98.68,98.73,98.59,7592
2023-01-03 13:09:00,98.61,98.71,98.76,98.53,4913
2023-01-03 13:10:00,98.46,98.51,98.54,98.4,1008
2023-01-03 13:11:00,98.31,98.38,98.39,98.27,4310
2023-01-03 13:12:00,98.26,98.25,98.33,98.24,4861
2023-01-03 13:13:00,98.37,98.56,98.6,98.28,1255
2023-01-03 13:14:00,98.39,98.5,98.57,98.31,3064
2023-01-03 13:15:00,98.65,98.7,98.8,98.64,2223
2023-01-03 13:16:00,98.5,98.67,98.7,98.43,7084
2023-01-03 13:17:00,98.74,98.85,98.91,98.7,3582
2023-01-03 13:18:00,98.76,98.59,98.79,98.51,9628
2023-01-03 13:19:00,98.75,98.7,98.76,98.68,1011
2023-01-03 13:20:00,98.57,98.64,98.67,98.51,3001
2023-01-03 13:21:00,98.52,98.61,98.63,98.46,3686
2023-01-03 13:22:00,98.45,98.55,98.55,98.43,3345
2023-01-03 13:23:00,98.47,98.49,98.51,98.39,1095
2023-01-03 13:24:00,98.52,98.38,98.6,98.31,9021
2023-01-03 13:25:00,98.6,98.4,98.63,98.32,6885
2023-01-03 13:26:00,98.57,98.62,98.63,98.56,9793
2023-01-03 13:27:00,98.41,98.42,98.46,98.4,8578
2023-01-03 13:28:00,98.26,98.23,98.34,98.22,8259
2023-01-03 13:29:00,98.31,98.19,98.33,98.1,5465
2023-01-03 13:30:00,98.2,98.31,98.35,98.19,3247
2023-01-03 13:31:00,98.13,98.03,98.21,97.99,139
2023-01-03 13:32:00,98.3,98.53,98.59,98.25,7311
2023-01-03 13:33:00,98.5,98.46,98.52,98.44,8945
2023-01-03 13:34:00,98.62,98.6,98.67,98.53,594
2023-01-03 13:35:00,98.57,98.5,98.65,98.48,7222
2023-01-03 13:36:00,98.6,98.61,98.62,98.58,5899
2023-01-03 13:37:00,98.66,98.87,98.88,98.65,8538
2023-01-03 13:38:00,98.68,98.67,98.75,98.63,6429
2023-01-03 13:39:00,98.88,98.87,98.88,98.85,9882
2023-01-03 13:40:00,98.98,98.85,99.07,98.83,6897
2023-01-03 13:41:00,99.0,98.99,99.08,98.94,6535
2023-01-03 13:42:00,98.77,98.72,98.86,98.66,8736
2023-01-03 13:43:00,98.66,98.5,98.7,98.48,2400
2023-01-03 13:44:00,98.54,98.77,98.81,98.5,2916
2023-01-03 13:45:00,98.38,98.25,98.43,98.23,2559
2023-01-03 13:46:00,98.58,98.58,98.64,98.57,7824
2023-01-03 13:47:00,98.5,98.45,98.58,98.37,6764
2023-01-03 13:48:00,98.61,98.75,98.79,98.55,4248
2023-01-03 13:49:00,98.6,98.63,98.72,98.51,101
2023-01-03 13:50:00,98.41,98.45,98.46,98.32,3607
2023-01-03 13:51:00,98.45,98.59,98.65,98.43,7197
2023-01-03 13:52:00,98.48,98.51,98.6,98.4,5276
2023-01-03 13:53:00,98.48,98.52,98.61,98.38,5788
2023-01-03 13:54:00,98.36,98.43,98.43,98.36,6590
2023-01-03 13:55:00,98.52,98.6,98.69,98.49,3375
2023-01-03 13:56:00,98.6,98.65,98.75,98.53,4990
2023-01-03 13:57:00,98.66,98.67,98.72,98.58,799
2023-01-03 13:58:00,98.69,98.72,98.81,98.64,5511
2023-01-03 13:59:00,98.62,98.74,98.75,98.54,1016
2023-01-03 14:00:00,98.44,98.45,98.53,98.36,8224
2023-01-03 14:01:00,98.28,98.32,98.34,98.21,2266
2023-01-03 14:02:00,98.4,98.45,98.54,98.32,4118
2023-01-03 14:03:00,98.39,98.34,98.48,98.31,9856
2023-01-03 14:04:00,98.42,98.52,98.61,98.32,5355
2023-01-03 14:05:00,98.29,98.33,98.39,98.22,9036
2023-01-03 14:06:00,98.31,98.21,98.35,98.14,6369
2023-01-03 14:07:00,98.31,98.21,98.33,98.14,8999
2023-01-03 14:08:00,98.29,98.27,98.39,98.2,2269
2023-01-03 14:09:00,98.39,98.48,98.49,98.36,2982
2023-01-03 14:10:00,98.31,98.11,98.39,98.06,3833
2023-01-03 14:11:00,98.26,98.21,98.3,98.14,9283
2023-01-03 14:12:00,98.13,98.04,98.22,97.94,9402
2023-01-03 14:13:00,97.98,97.91,98.05,97.87,6503
2023-01-03 14:14:00,98.0,97.93,98.03,97.92,3644
2023-01-03 14:15:00,97.96,97.98,98.01,97.91,2774
2023-01-03 14:16:00,97.96,98.07,98.09,97.93,8927
2023-01-03 14:17:00,98.06,98.05,98.15,98.0,7878
2023-01-03 14:18:00,98.05,98.3,98.37,97.97,6155
2023-01-03 14:19:00,98.0,97.95,98.02,97.93,2723
2023-01-03 14:20:00,98.02,98.11,98.15,97.96,7904
2023-01-03 14:21:00,97.96,98.03,98.1,97.92,6896
2023-01-03 14:22:00,97.64,97.44,97.67,97.38,5729
2023-01-03 14:23:00,97.48,97.48,97.49,97.44,4554
2023-01-03 14:24:00,97.37,97.34,97.41,97.29,1727
2023-01-03 14:25:00,97.3,97.24,97.37,97.14,1189
2023-01-03 14:26:00,97.28,97.28,97.31,97.25,3963
2023-01-03 14:27:00,97.25,97.36,97.42,97.16,8127
2023-01-03 14:28:00,97.13,97.22,97.27,97.09,6346
2023-01-03 14:29:00,97.11,97.19,97.26,97.06,3797
2023-01-03 14:30:00,96.97,96.9,97.0,96.89,6112
2023-01-03 14:31:00,96.95,96.85,97.01,96.8,8088
2023-01-03 14:32:00,96.78,96.74,96.84,96.68,1666
2023-01-03 14:33:00,96.87,96.87,96.94,96.81,2808
2023-01-03 14:34:00,96.8,96.94,97.0,96.71,9754
2023-01-03 14:35:00,96.8,96.92,97.02,96.78,8014
2023-01-03 14:36:00,96.94,96.91,97.03,96.89,6926
2023-01-03 14:37:00,96.86,96.92,96.96,96.82,968
2023-01-03 14:38:00,96.67,96.76,96.86,96.66,5958
2023-01-03 14:39:00,96.42,96.47,96.49,96.41,5491
2023-01-03 14:40:00,96.29,96.34,96.37,96.27,1140
2023-01-03 14:41:00,96.09,96.11,96.21,96.01,7084
2023-01-03 14:42:00,95.99,96.04,96.11,95.92,3799
2023-01-03 14:43:00,96.2,96.39,96.44,96.17,3830
2023-01-03 14:44:00,96.05,96.27,96.27,96.05,5635
2023-01-03 14:45:00,95.98,96.05,96.1,95.9,679
2023-01-03 14:46:00,96.07,95.83,96.15,95.79,9227
2023-01-03 14:47:00,96.1,96.07,96.14,96.02,2543
2023-01-03 14:48:00,95.93,95.9,95.95,95.86,9367
2023-01-03 14:49:00,96.06,96.06,96.13,95.99,2667
2023-01-03 14:50:00,96.1,96.27,96.28,96.04,5540
2023-01-03 14:51:00,96.04,96.08,96.17,96.01,6717
2023-01-03 14:52:00,95.87,95.82,95.97,95.73,9833
2023-01-03 14:53:00,95.73,95.51,95.76,95.44,9634
2023-01-03 14:54:00,95.73,95.53,95.76,95.48,9718
2023-01-03 14:55:00,95.57,95.64,95.66,95.55,7607
2023-01-03 14:56:00,95.63,95.63,95.68,95.55,9100
2023-01-03 14:57:00,95.58,95.66,95.75,95.54,6401
2023-01-03 14:58:00,95.66,95.53,95.72,95.45,1838
2023-01-03 14:59:00,95.6,95.53,95.64,95.53,8420
2023-01-03 15:00:00,95.6,95.56,95.65,95.51,4390
2023-01-03 15:01:00,95.55,95.56,95.6,95.5,8926
2023-01-03 15:02:00,95.47,95.39,95.49,95.36,5678
2023-01-03 15:03:00,95.58,95.61,95.68,95.53,7551
2023-01-03 15:04:00,95.7,95.93,95.96,95.65,583
2023-01-03 15:05:00,95.76,95.77,95.87,95.67,4452
2023-01-03 15:06:00,95.8,95.81,95.86,95.71,761
2023-01-03 15:07:00,95.78,95.85,95.94,95.71,4494
2023-01-03 15:08:00,95.63,95.84,95.93,95.54,2977
2023-01-03 15:09:00,95.56,95.58,95.63,95.52,4367
2023-01-03 15:10:00,95.5,95.47,95.51,95.47,9726
2023-01-03 15:11:00,95.51,95.55,95.55,95.5,2404
2023-01-03 15:12:00,95.7,95.83,95.85,95.62,6933
2023-01-03 15:13:00,95.77,95.66,95.77,95.56,4668
2023-01-03 15:14:00,95.64,95.65,95.67,95.59,8695
2023-01-03 15:15:00,95.75,95.66,95.76,95.63,7582
2023-01-03 15:16:00,95.81,95.72,95.82,95.65,142
2023-01-03 15:17:00,95.91,96.0,96.01,95.9,1452
2023-01-03 15:18:00,95.79,95.72,95.8,95.67,7896
2023-01-03 15:19:00,95.85,95.86,95.91,95.85,5284
2023-01-03 15:20:00,95.79,95.86,95.94,95.79,5965
2023-01-03 15:21:00,95.78,95.69,95.86,95.68,8225
2023-01-03 15:22:00,95.69,95.63,95.79,95.54,5231
2023-01-03 15:23:00,95.77,95.83,95.86,95.77,822
2023-01-03 15:24:00,95.69,95.65,95.7,95.59,7990
2023-01-03 15:25:00,95.74,95.73,95.82,95.65,5271
2023-01-03 15:26:00,95.85,95.86,95.91,95.76,234
2023-01-03 15:27:00,95.96,95.96,96.06,95.92,4636
2023-01-03 15:28:00,95.83,95.88,95.91,95.82,5198
2023-01-03 15:29:00,95.72,95.73,95.81,95.64,3252
2023-01-03 15:30:00,95.66,95.57,95.74,95.52,1436
2023-01-03 15:31:00,95.58,95.6,95.63,95.55,9764
2023-01-03 15:32:00,95.68,95.77,95.79,95.66,7160
2023-01-03 15:33:00,95.59,95.42,95.66,95.38,6971
2023-01-03 15:34:00,95.6,95.54,95.67,95.46,8399
2023-01-03 15:35:00,95.5,95.48,95.55,95.44,1481
2023-01-03 15:36:00,95.56,95.74,95.82,95.49,6511
2023-01-03 15:37:00,95.57,95.55,95.66,95.53,7325
2023-01-03 15:38:00,95.42,95.49,95.55,95.34,5601
2023-01-03 15:39:00,95.43,95.55,95.58,95.37,1931
2023-01-03 15:40:00,95.27,95.32,95.4,95.2,7901
2023-01-03 15:41:00,95.21,95.22,95.31,95.17,5274
2023-01-03 15:42:00,95.21,95.36,95.37,95.12,7710
2023-01-03 15:43:00,95.33,95.28,95.38,95.25,2923
2023-01-03 15:44:00,95.2,95.3,95.37,95.13,1400
2023-01-03 15:45:00,95.22,95.38,95.38,95.19,6365
2023-01-03 15:46:00,95.16,95.19,95.21,95.08,1452
2023-01-03 15:47:00,95.1,95.12,95.21,95.05,2115
2023-01-03 15:48:00,95.16,95.11,95.23,95.07,2418
2023-01-03 15:49:00,95.11,95.07,95.2,95.06,881
2023-01-03 15:50:00,95.23,95.19,95.25,95.14,3496
2023-01-03 15:51:00,95.24,95.36,95.41,95.2,2816
2023-01-03 15:52:00,95.36,95.37,95.44,95.32,9960
2023-01-03 15:53:00,95.4,95.54,95.63,95.33,7326
2023-01-03 15:54:00,95.41,95.22,95.45,95.13,7621
2023-01-03 15:55:00,95.5,95.59,95.64,95.48,8310
2023-01-03 15:56:00,95.44,95.45,95.48,95.4,142
2023-01-03 15:57:00,95.43,95.5,95.52,95.35,9927
2023-01-03 15:58:00,95.55,95.62,95.67,95.48,9012
2023-01-03 15:59:00,95.35,95.3,95.37,95.24,4150
2023-01-03 16:00:00,95.24,95.3,95.34,95.16,6106
2023-01-04 09:30:00,95.25,95.29,95.3,95.16,5775
2023-01-04 09:31:00,95.25,95.22,95.29,95.17,6432
2023-01-04 09:32:00,95.24,95.39,95.46,95.19,9976
2023-01-04 09:33:00,95.16,95.05,95.17,94.97,552
2023-01-04 09:34:00,95.15,95.1,95.25,95.08,9937
2023-01-04 09:35:00,95.06,94.86,95.07,94.83,5990
2023-01-04 09:36:00,95.16,95.26,95.36,95.12,6834
2023-01-04 09:37:00,94.92,94.82,95.0,94.77,5097
2023-01-04 09:38:00,94.95,94.98,95.01,94.94,9165
2023-01-04 09:39:00,95.13,95.26,95.28,95.08,5244
2023-01-04 09:40:00,95.08,95.02,95.09,95.0,2476
2023-01-04 09:41:00,95.01,94.94,95.09,94.9,7591
2023-01-04 09:42:00,95.0,94.98,95.04,94.97,2009
2023-01-04 09:43:00,95.12,95.18,95.21,95.11,7643
2023-01-04 09:44:00,95.1,95.14,95.15,95.03,3926
2023-01-04 09:45:00,95.15,95.34,95.35,95.12,6500
2023-01-04 09:46:00,94.86,94.84,94.88,94.75,8945
2023-01-04 09:47:00,94.95,94.97,95.04,94.94,5226
2023-01-04 09:48:00,94.99,95.1,95.13,94.9,1847
2023-01-04 09:49:00,94.8,94.77,94.9,94.77,695
2023-01-04 09:50:00,94.96,94.96,95.02,94.92,8351
2023-01-04 09:51:00,94.96,94.98,95.07,94.92,2414
2023-01-04 09:52:00,94.95,95.11,95.13,94.9,9293
2023-01-04 09:53:00,94.76,94.71,94.85,94.62,9789
2023-01-04 09:54:00,94.88,94.77,94.93,94.69,1448
2023-01-04 09:55:00,94.81,94.66,94.87,94.61,2958
2023-01-04 09:56:00,94.96,95.03,95.11,94.95,3865
2023-01-04 09:57:00,94.82,94.77,94.85,94.72,1729
2023-01-04 09:58:00,94.99,95.06,95.16,94.95,890
2023-01-04 09:59:00,95.21,95.23,95.24,95.2,7402
2023-01-04 10:00:00,95.18,95.3,95.3,95.11,6587
2023-01-04 10:01:00,95.34,95.3,95.42,95.27,1987
2023-01-04 10:02:00,95.35,95.49,95.55,95.31,6428
2023-01-04 10:03:00,95.28,95.14,95.33,95.05,4188
2023-01-04 10:04:00,95.33,95.35,95.38,95.31,2302
2023-01-04 10:05:00,95.41,95.46,95.52,95.4,6039
2023-01-04 10:06:00,95.36,95.39,95.44,95.35,5327
2023-01-04 10:07:00,95.47,95.4,95.56,95.34,9154
2023-01-04 10:08:00,95.57,95.58,95.61,95.55,2291
2023-01-04 10:09:00,95.46,95.43,95.49,95.41,1391
2023-01-04 10:10:00,95.53,95.71,95.79,95.5,263
2023-01-04 10:11:00,95.47,95.27,95.53,95.25,5770
2023-01-04 10:12:00,95.55,95.72,95.8,95.54,5995
2023-01-04 10:13:00,95.47,95.32,95.57,95.29,4099
2023-01-04 10:14:00,95.25,95.11,95.33,95.03,8929
2023-01-04 10:15:00,95.33,95.29,95.38,95.22,7803
2023-01-04 10:16:00,95.42,95.43,95.52,95.4,3461
2023-01-04 10:17:00,95.4,95.31,95.44,95.22,4148
2023-01-04 10:18:00,95.57,95.47,95.62,95.44,9113
2023-01-04 10:19:00,95.71,95.8,95.88,95.66,8306
2023-01-04 10:20:00,95.89,95.84,95.97,95.83,9458
2023-01-04 10:21:00,95.87,95.89,95.96,95.86,3088
2023-01-04 10:22:00,95.77,95.73,95.82,95.64,5767
2023-01-04 10:23:00,95.78,95.98,96.01,95.7,3005
2023-01-04 10:24:00,95.77,95.81,95.82,95.75,9893
2023-01-04 10:25:00,95.76,95.8,95.82,95.72,1958
2023-01-04 10:26:00,95.8,95.84,95.85,95.76,4035
2023-01-04 10:27:00,95.76,95.81,95.91,95.68,8173
2023-01-04 10:28:00,95.75,95.66,95.82,95.61,2883
2023-01-04 10:29:00,95.73,95.78,95.8,95.69,7292
2023-01-04 10:30:00,95.79,95.7,95.83,95.67,2416
2023-01-04 10:31:00,96.0,96.0,96.09,95.98,6313
2023-01-04 10:32:00,95.94,96.01,96.02,95.91,5586
2023-01-04 10:33:00,96.05,95.97,96.13,95.93,7108
2023-01-04 10:34:00,96.26,96.13,96.33,96.05,3570
2023-01-04 10:35:00,96.15,96.1,96.17,96.09,8344
2023-01-04 10:36:00,96.23,96.25,96.33,96.19,8659
2023-01-04 10:37:00,96.2,96.01,96.21,95.98,2527
2023-01-04 10:38:00,96.27,96.28,96.37,96.2,9335
2023-01-04 10:39:00,96.23,96.08,96.3,96.01,3415
2023-01-04 10:40:00,96.25,96.28,96.3,96.22,2727
2023-01-04 10:41:00,96.36,96.21,96.4,96.13,9833
2023-01-04 10:42:00,96.53,96.67,96.72,96.48,2442
2023-01-04 10:43:00,96.75,96.74,96.82,96.64,1113
2023-01-04 10:44:00,96.6,96.46,96.61,96.45,5163
2023-01-04 10:45:00,96.68,96.72,96.79,96.63,4679
2023-01-04 10:46:00,96.81,96.67,96.85,96.64,3776
2023-01-04 10:47:00,96.75,96.82,96.86,96.68,2018
2023-01-04 10:48:00,96.79,96.73,96.84,96.66,3207
2023-01-04 10:49:00,96.81,96.76,96.91,96.69,9749
2023-01-04 10:50:00,96.62,96.4,96.71,96.39,5142
2023-01-04 10:51:00,96.53,96.59,96.61,96.51,3560
2023-01-04 10:52:00,96.37,96.19,96.41,96.15,6781
2023-01-04 10:53:00,96.39,96.43,96.53,96.3,8069
2023-01-04 10:54:00,96.38,96.21,96.39,96.16,7591
2023-01-04 10:55:00,96.48,96.42,96.5,96.32,7080
2023-01-04 10:56:00,96.64,96.67,96.72,96.62,8599
2023-01-04 10:57:00,96.61,96.58,96.63,96.48,1932
2023-01-04 10:58:00,96.57,96.62,96.68,96.51,6040
2023-01-04 10:59:00,96.53,96.62,96.64,96.49,4225
2023-01-04 11:00:00,96.27,96.3,96.36,96.21,1791
2023-01-04 11:01:00,96.38,96.55,96.55,96.29,4561
2023-01-04 11:02:00,96.54,96.6,96.6,96.48,8785
2023-01-04 11:03:00,96.52,96.57,96.6,96.48,8158
2023-01-04 11:04:00,96.56,96.56,96.64,96.47,2764
2023-01-04 11:05:00,96.59,96.41,96.68,96.39,4320
2023-01-04 11:06:00,96.45,96.28,96.52,96.25,7229
2023-01-04 11:07:00,96.54,96.48,96.54,96.4,5298
2023-01-04 11:08:00,96.38,96.33,96.41,96.31,573
2023-01-04 11:09:00,96.39,96.4,96.5,96.29,7273
2023-01-04 11:10:00,96.5,96.46,96.51,96.39,4227
2023-01-04 11:11:00,96.39,96.45,96.47,96.39,2924
2023-01-04 11:12:00,96.56,96.39,96.6,96.35,7392
2023-01-04 11:13:00,96.61,96.39,96.71,96.32,3879
2023-01-04 11:14:00,96.51,96.55,96.62,96.42,615
2023-01-04 11:15:00,96.35,96.24,96.41,96.23,3850
2023-01-04 11:16:00,96.23,96.15,96.23,96.06,6996
2023-01-04 11:17:00,96.31,96.24,96.36,96.15,5256
2023-01-04 11:18:00,96.3,96.41,96.48,96.29,6095
2023-01-04 11:19:00,96.27,96.23,96.3,96.17,2357
2023-01-04 11:20:00,96.29,96.29,96.35,96.2,2865
2023-01-04 11:21:00,96.35,96.18,96.37,96.13,9344
2023-01-04 11:22:00,96.42,96.58,96.66,96.4,6321
2023-01-04 11:23:00,96.42,96.46,96.49,96.37,8925
2023-01-04 11:24:00,96.47,96.34,96.53,96.26,1709
2023-01-04 11:25:00,96.43,96.4,96.43,96.33,941
2023-01-04 11:26:00,96.44,96.34,96.51,96.25,6538
2023-01-04 11:27:00,96.33,96.48,96.51,96.23,2374
2023-01-04 11:28:00,96.34,96.27,96.39,96.26,8418
2023-01-04 11:29:00,96.37,96.09,96.46,96.05,6198
2023-01-04 11:30:00,96.37,96.34,96.46,96.33,9556
2023-01-04 11:31:00,96.48,96.44,96.53,96.4,1932
2023-01-04 11:32:00,96.39,96.31,96.48,96.29,1128
2023-01-04 11:33:00,96.38,96.29,96.43,96.24,5649
2023-01-04 11:34:00,96.36,96.35,96.4,96.34,3372
2023-01-04 11:35:00,96.4,96.61,96.71,96.33,3147
2023-01-04 11:36:00,96.49,96.46,96.55,96.41,731
2023-01-04 11:37:00,96.41,96.49,96.58,96.34,4048
2023-01-04 11:38:00,96.65,96.53,96.73,96.5,7160
2023-01-04 11:39:00,96.72,96.9,96.98,96.64,3144
2023-01-04 11:40:00,96.61,96.52,96.64,96.46,6779
2023-01-04 11:41:00,96.57,96.54,96.63,96.46,2356
2023-01-04 11:42:00,96.55,96.41,96.57,96.32,9849
2023-01-04 11:43:00,96.45,96.32,96.52,96.25,8323
2023-01-04 11:44:00,96.53,96.53,96.58,96.51,4422
2023-01-04 11:45:00,96.47,96.48,96.55,96.46,7179
2023-01-04 11:46:00,96.51,96.53,96.55,96.47,2435
2023-01-04 11:47:00,96.48,96.35,96.57,96.33,451
2023-01-04 11:48:00,96.42,96.43,96.51,96.36,7942
2023-01-04 11:49:00,96.41,96.11,96.45,96.01,4937
2023-01-04 11:50:00,96.5,96.45,96.54,96.42,3919
2023-01-04 11:51:00,96.45,96.51,96.58,96.37,6229
2023-01-04 11:52:00,96.51,96.49,96.52,96.4,1008
2023-01-04 11:53:00,96.64,96.38,96.71,96.31,2779
2023-01-04 11:54:00,96.49,96.31,96.56,96.24,4209
2023-01-04 11:55:00,96.47,96.53,96.59,96.42,190
2023-01-04 11:56:00,96.48,96.31,96.52,96.27,5196
2023-01-04 11:57:00,96.48,96.42,96.54,96.37,2927
2023-01-04 11:58:00,96.64,96.5,96.67,96.43,3011
2023-01-04 11:59:00,96.66,96.8,96.86,96.59,3954
2023-01-04 12:00:00,96.68,96.6,96.77,96.51,387
2023-01-04 12:01:00,96.67,96.71,96.8,96.59,4437
2023-01-04 12:02:00,96.84,96.86,96.91,96.83,293
2023-01-04 12:03:00,96.7,96.71,96.81,96.69,3367
2023-01-04 12:04:00,96.71,96.84,96.93,96.65,4568
2023-01-04 12:05:00,96.79,96.74,96.81,96.72,1052
2023-01-04 12:06:00,96.89,96.77,96.94,96.73,3732
2023-01-04 12:07:00,96.97,96.98,97.01,96.93,4642
2023-01-04 12:08:00,96.99,97.08,97.18,96.92,8677
2023-01-04 12:09:00,96.99,96.92,97.01,96.86,9469
2023-01-04 12:10:00,96.84,96.8,96.93,96.77,6919
2023-01-04 12:11:00,96.82,96.77,96.88,96.72,4943
2023-01-04 12:12:00,96.83,96.9,96.96,96.76,8272
2023-01-04 12:13:00,96.96,97.09,97.09,96.95,5110
2023-01-04 12:14:00,97.0,96.94,97.05,96.92,927
2023-01-04 12:15:00,97.05,97.08,97.16,97.02,2367
2023-01-04 12:16:00,96.99,96.98,97.03,96.9,5881
2023-01-04 12:17:00,97.03,97.11,97.11,96.93,9572
2023-01-04 12:18:00,96.87,97.02,97.06,96.79,2249
2023-01-04 12:19:00,96.83,96.79,96.91,96.78,2296
2023-01-04 12:20:00,96.93,96.77,96.97,96.7,4365
2023-01-04 12:21:00,96.89,96.76,96.9,96.71,8628
2023-01-04 12:22:00,97.05,97.08,97.11,96.96,2324
2023-01-04 12:23:00,97.1,97.03,97.11,96.93,8765
2023-01-04 12:24:00,97.02,96.98,97.1,96.93,5730
2023-01-04 12:25:00,97.05,97.0,97.14,96.93,9484
2023-01-04 12:26:00,96.98,97.03,97.03,96.89,3002
2023-01-04 12:27:00,96.94,96.94,97.01,96.93,9204
2023-01-04 12:28:00,97.01,96.94,97.04,96.88,8846
2023-01-04 12:29:00,96.96,97.09,97.19,96.91,9355
2023-01-04 12:30:00,96.89,96.84,96.93,96.77,8069
2023-01-04 12:31:00,96.94,96.98,97.04,96.91,1642
2023-01-04 12:32:00,97.08,97.14,97.19,97.01,8736
2023-01-04 12:33:00,97.18,96.95,97.27,96.9,9368
2023-01-04 12:34:00,97.22,96.94,97.31,96.85,9091
2023-01-04 12:35:00,97.21,97.29,97.33,97.16,8130
2023-01-04 12:36:00,97.15,97.13,97.15,97.04,4569
2023-01-04 12:37:00,97.31,97.4,97.4,97.26,9295
2023-01-04 12:38:00,97.4,97.45,97.49,97.35,1610
2023-01-04 12:39:00,97.5,97.4,97.58,97.31,8344
2023-01-04 12:40:00,97.55,97.62,97.64,97.47,4425
2023-01-04 12:41:00,97.44,97.53,97.55,97.42,6498
2023-01-04 12:42:00,97.42,97.48,97.55,97.36,3726
2023-01-04 12:43:00,97.27,97.18,97.3,97.12,5731
2023-01-04 12:44:00,97.33,97.3,97.41,97.26,8815
2023-01-04 12:45:00,97.04,97.07,97.08,96.99,5579
2023-01-04 12:46:00,96.92,96.83,96.98,96.81,2383
2023-01-04 12:47:00,96.94,96.96,97.01,96.89,4258
2023-01-04 12:48:00,97.03,96.84,97.12,96.75,8728
2023-01-04 12:49:00,97.07,97.09,97.15,97.03,8041
2023-01-04 12:50:00,97.05,97.09,97.16,97.01,6347
2023-01-04 12:51:00,97.12,96.92,97.2,96.86,5006
2023-01-04 12:52:00,97.15,97.26,97.28,97.06,2666
2023-01-04 12:53:00,97.13,96.88,97.2,96.87,8639
2023-01-04 12:54:00,97.17,97.25,97.31,97.1,758
2023-01-04 12:55:00,97.14,97.3,97.39,97.08,3258
2023-01-04 12:56:00,97.13,97.3,97.36,97.09,8969
2023-01-04 12:57:00,97.17,97.18,97.25,97.09,1039
2023-01-04 12:58:00,97.17,97.09,97.25,97.01,6959
2023-01-04 12:59:00,97.36,97.39,97.46,97.32,3464
2023-01-04 13:00:00,97.27,97.2,97.34,97.13,6566
2023-01-04 13:01:00,97.4,97.4,97.45,97.3,8842
2023-01-04 13:02:00,97.38,97.47,97.56,97.34,2551
2023-01-04 13:03:00,97.42,97.35,97.48,97.35,1884
2023-01-04 13:04:00,97.51,97.6,97.67,97.41,1459
2023-01-04 13:05:00,97.44,97.58,97.67,97.35,8266
2023-01-04 13:06:00,97.56,97.56,97.62,97.55,6927
2023-01-04 13:07:00,97.73,97.7,97.76,97.66,2786
2023-01-04 13:08:00,97.76,98.01,98.06,97.76,1997
2023-01-04 13:09:00,97.85,97.88,97.93,97.81,2253
2023-01-04 13:10:00,97.88,97.89,97.94,97.8,5837
2023-01-04 13:11:00,98.0,97.93,98.02,97.87,8522
2023-01-04 13:12:00,98.04,97.93,98.09,97.9,9696
2023-01-04 13:13:00,98.0,98.09,98.09,97.97,2746
2023-01-04 13:14:00,98.12,98.16,98.22,98.03,7405
2023-01-04 13:15:00,98.05,98.05,98.14,98.02,8850
2023-01-04 13:16:00,98.13,98.1,98.17,98.09,4154
2023-01-04 13:17:00,98.17,98.18,98.27,98.14,6851
2023-01-04 13:18:00,98.04,97.93,98.1,97.88,7436
2023-01-04 13:19:00,97.99,98.0,98.06,97.91,8076
2023-01-04 13:20:00,97.87,97.87,97.87,97.86,279
2023-01-04 13:21:00,97.8,97.86,97.91,97.74,799
2023-01-04 13:22:00,97.72,97.84,97.84,97.71,3171
2023-01-04 13:23:00,97.75,97.74,97.75,97.65,2611
2023-01-04 13:24:00,97.79,97.77,97.8,97.68,9890
2023-01-04 13:25:00,97.86,97.78,97.88,97.71,9121
2023-01-04 13:26:00,97.72,97.75,97.8,97.65,3069
2023-01-04 13:27:00,97.74,97.65,97.79,97.63,1336
2023-01-04 13:28:00,97.69,97.7,97.72,97.68,6790
2023-01-04 13:29:00,97.89,97.9,97.96,97.86,5007
2023-01-04 13:30:00,97.82,97.8,97.84,97.8,3943
2023-01-04 13:31:00,97.74,97.82,97.83,97.68,3344
2023-01-04 13:32:00,97.6,97.75,97.81,97.51,3249
2023-01-04 13:33:00,97.7,97.57,97.76,97.54,6738
2023-01-04 13:34:00,97.61,97.62,97.67,97.53,9954
2023-01-04 13:35:00,97.64,97.63,97.64,97.57,1160
2023-01-04 13:36:00,97.72,97.7,97.76,97.65,6649
2023-01-04 13:37:00,97.59,97.56,97.59,97.52,304
2023-01-04 13:38:00,97.58,97.53,97.66,97.45,8019
2023-01-04 13:39:00,97.58,97.58,97.58,97.55,4700
2023-01-04 13:40:00,97.48,97.36,97.52,97.34,4796
2023-01-04 13:41:00,97.44,97.42,97.49,97.4,960
2023-01-04 13:42:00,97.45,97.48,97.55,97.44,8117
2023-01-04 13:43:00,97.51,97.46,97.56,97.41,4248
2023-01-04 13:44:00,97.54,97.55,97.6,97.46,4663
2023-01-04 13:45:00,97.6,97.53,97.67,97.53,8976
2023-01-04 13:46:00,97.7,97.67,97.74,97.6,527
2023-01-04 13:47:00,97.79,97.77,97.81,97.73,2694
2023-01-04 13:48:00,97.87,97.87,97.89,97.85,6961
2023-01-04 13:49:00,97.81,97.78,97.9,97.76,7984
2023-01-04 13:50:00,97.84,97.94,97.97,97.81,6069
2023-01-04 13:51:00,97.96,97.93,98.04,97.87,2331
2023-01-04 13:52:00,98.2,98.23,98.25,98.18,6248
2023-01-04 13:53:00,98.11,98.02,98.19,97.98,370
2023-01-04 13:54:00,98.19,98.04,98.27,97.96,7344
2023-01-04 13:55:00,98.29,98.23,98.29,98.16,2813
2023-01-04 13:56:00,98.17,98.05,98.22,98.03,938
2023-01-04 13:57:00,98.12,98.15,98.15,98.05,9199
2023-01-04 13:58:00,98.1,98.21,98.29,98.07,9095
2023-01-04 13:59:00,98.17,98.29,98.32,98.17,6323
2023-01-04 14:00:00,98.21,98.19,98.23,98.1,5836
2023-01-04 14:01:00,98.12,98.15,98.22,98.04,2370
2023-01-04 14:02:00,98.02,98.03,98.04,97.93,7155
2023-01-04 14:03:00,98.04,98.02,98.13,98.01,3574
2023-01-04 14:04:00,98.19,98.27,98.36,98.1,7963
2023-01-04 14:05:00,98.06,98.09,98.12,98.04,155
2023-01-04 14:06:00,98.06,98.17,98.19,98.01,6554
2023-01-04 14:07:00,97.9,97.99,98.07,97.82,8666
2023-01-04 14:08:00,98.06,98.22,98.3,97.99,5893
2023-01-04 14:09:00,97.8,97.82,97.87,97.73,6045
2023-01-04 14:10:00,97.95,98.0,98.08,97.92,1136
2023-01-04 14:11:00,97.86,97.75,97.9,97.69,3770
2023-01-04 14:12:00,97.85,97.95,97.96,97.81,9543
2023-01-04 14:13:00,97.86,97.95,98.0,97.84,4643
2023-01-04 14:14:00,97.81,97.91,97.92,97.75,5614
2023-01-04 14:15:00,97.67,97.64,97.76,97.56,4524
2023-01-04 14:16:00,97.85,97.89,97.91,97.75,5297
2023-01-04 14:17:00,97.71,97.59,97.72,97.54,2130
2023-01-04 14:18:00,97.64,97.64,97.67,97.6,5440
2023-01-04 14:19:00,97.56,97.72,97.75,97.48,3791
2023-01-04 14:20:00,97.44,97.46,97.5,97.36,2365
2023-01-04 14:21:00,97.39,97.44,97.48,97.33,8188
2023-01-04 14:22:00,97.4,97.35,97.46,97.32,4843
2023-01-04 14:23:00,97.52,97.48,97.6,97.47,7557
2023-01-04 14:24:00,97.45,97.58,97.66,97.4,3630
2023-01-04 14:25:00,97.56,97.62,97.67,97.49,8092
2023-01-04 14:26:00,97.54,97.57,97.58,97.48,184
2023-01-04 14:27:00,97.46,97.52,97.57,97.36,5609
2023-01-04 14:28:00,97.55,97.74,97.77,97.46,9303
2023-01-04 14:29:00,97.51,97.5,97.54,97.47,3807
2023-01-04 14:30:00,97.43,97.27,97.43,97.22,3745
2023-01-04 14:31:00,97.58,97.56,97.63,97.5,3484
2023-01-04 14:32:00,97.39,97.31,97.42,97.22,3681
2023-01-04 14:33:00,97.24,97.27,97.36,97.22,4674
2023-01-04 14:34:00,97.32,97.21,97.36,97.12,8391
2023-01-04 14:35:00,97.31,97.32,97.38,97.28,4503
2023-01-04 14:36:00,97.25,97.15,97.27,97.14,2575
2023-01-04 14:37:00,97.16,97.06,97.24,97.03,1099
2023-01-04 14:38:00,97.28,97.19,97.33,97.18,6464
2023-01-04 14:39:00,97.16,97.27,97.3,97.11,5323
2023-01-04 14:40:00,96.99,96.94,97.08,96.86,3568
2023-01-04 14:41:00,97.05,96.96,97.05,96.91,3578
2023-01-04 14:42:00,97.28,97.16,97.31,97.08,4412
2023-01-04 14:43:00,97.23,97.3,97.31,97.15,4032
2023-01-04 14:44:00,97.19,97.18,97.28,97.14,3402
2023-01-04 14:45:00,97.36,97.55,97.65,97.33,6300
2023-01-04 14:46:00,97.29,97.24,97.29,97.23,994
2023-01-04 14:47:00,97.29,97.26,97.33,97.26,1989
2023-01-04 14:48:00,97.39,97.24,97.41,97.16,5454
2023-01-04 14:49:00,97.53,97.38,97.54,97.37,8982
2023-01-04 14:50:00,97.32,97.12,97.4,97.05,1298
2023-01-04 14:51:00,97.4,97.55,97.61,97.36,1945
2023-01-04 14:52:00,97.55,97.61,97.62,97.46,2702
2023-01-04 14:53:00,97.6,97.59,97.69,97.58,6114
2023-01-04 14:54:00,97.5,97.54,97.63,97.47,1166
2023-01-04 14:55:00,97.49,97.5,97.55,97.42,5085
2023-01-04 14:56:00,97.52,97.57,97.58,97.45,5769
2023-01-04 14:57:00,97.47,97.4,97.54,97.34,757
2023-01-04 14:58:00,97.56,97.63,97.73,97.51,8608
2023-01-04 14:59:00,97.62,97.54,97.7,97.48,4820
2023-01-04 15:00:00,97.67,97.67,97.7,97.65,141
2023-01-04 15:01:00,97.61,97.76,97.85,97.56,6740
2023-01-04 15:02:00,97.67,97.73,97.79,97.6,3815
2023-01-04 15:03:00,97.59,97.61,97.69,97.5,4356
2023-01-04 15:04:00,97.52,97.52,97.56,97.43,1614
2023-01-04 15:05:00,97.62,97.66,97.7,97.53,4687
2023-01-04 15:06:00,97.66,97.5,97.72,97.44,3557
2023-01-04 15:07:00,97.49,97.37,97.58,97.29,1766
2023-01-04 15:08:00,97.33,97.37,97.44,97.29,4907
2023-01-04 15:09:00,97.43,97.35,97.43,97.35,2932
2023-01-04 15:10:00,97.39,97.36,97.45,97.31,9728
2023-01-04 15:11:00,97.66,97.56,97.67,97.55,1336
2023-01-04 15:12:00,97.75,97.54,97.84,97.53,6658
2023-01-04 15:13:00,97.83,97.93,98.01,97.76,6266
2023-01-04 15:14:00,97.91,97.79,98.01,97.78,9923
2023-01-04 15:15:00,97.77,97.8,97.89,97.69,1186
2023-01-04 15:16:00,97.71,97.85,97.86,97.65,8442
2023-01-04 15:17:00,97.7,97.58,97.79,97.48,1196
2023-01-04 15:18:00,97.83,97.9,97.98,97.81,2416
2023-01-04 15:19:00,97.78,97.57,97.88,97.47,4335
2023-01-04 15:20:00,97.87,97.88,97.9,97.85,950
2023-01-04 15:21:00,97.87,97.72,97.94,97.71,1037
2023-01-04 15:22:00,97.73,97.55,97.82,97.5,9618
2023-01-04 15:23:00,97.84,97.72,97.85,97.7,2108
2023-01-04 15:24:00,98.02,98.09,98.18,97.98,8063
2023-01-04 15:25:00,98.14,98.12,98.15,98.08,3723
2023-01-04 15:26:00,98.12,98.19,98.27,98.03,6468
2023-01-04 15:27:00,97.97,97.95,98.01,97.9,9912
2023-01-04 15:28:00,98.02,97.95,98.07,97.88,2919
2023-01-04 15:29:00,98.05,97.92,98.06,97.88,3724
2023-01-04 15:30:00,98.06,98.07,98.07,97.98,3707
2023-01-04 15:31:00,98.08,98.04,98.16,97.96,7241
2023-01-04 15:32:00,98.0,97.82,98.03,97.78,1746
2023-01-04 15:33:00,98.08,98.17,98.25,98.0,158
2023-01-04 15:34:00,98.16,98.15,98.2,98.07,4025
2023-01-04 15:35:00,98.29,98.39,98.47,98.2,9583
2023-01-04 15:36:00,98.45,98.51,98.58,98.4,2113
2023-01-04 15:37:00,98.52,98.39,98.54,98.37,316
2023-01-04 15:38:00,98.61,98.61,98.68,98.53,1796
2023-01-04 15:39:00,98.62,98.66,98.74,98.6,2496
2023-01-04 15:40:00,98.63,98.86,98.92,98.54,4675
2023-01-04 15:41:00,98.64,98.66,98.69,98.58,3932
2023-01-04 15:42:00,98.63,98.61,98.7,98.6,894
2023-01-04 15:43:00,98.59,98.69,98.7,98.56,2299
2023-01-04 15:44:00,98.56,98.57,98.63,98.47,3846
2023-01-04 15:45:00,98.62,98.58,98.62,98.57,3527
2023-01-04 15:46:00,98.52,98.41,98.59,98.34,7019
2023-01-04 15:47:00,98.49,98.43,98.5,98.33,8449
2023-01-04 15:48:00,98.45,98.61,98.69,98.4,7866
2023-01-04 15:49:00,98.49,98.44,98.57,98.35,5656
2023-01-04 15:50:00,98.52,98.52,98.6,98.43,9148
2023-01-04 15:51:00,98.46,98.74,98.8,98.43,2212
2023-01-04 15:52:00,98.45,98.39,98.48,98.31,8973
2023-01-04 15:53:00,98.45,98.2,98.51,98.19,3254
2023-01-04 15:54:00,98.4,98.31,98.43,98.31,1581
2023-01-04 15:55:00,98.43,98.32,98.44,98.25,3954
2023-01-04 15:56:00,98.55,98.51,98.55,98.42,9045
2023-01-04 15:57:00,98.68,98.62,98.7,98.57,4975
2023-01-04 15:58:00,98.72,98.76,98.84,98.63,4564
2023-01-04 15:59:00,98.71,98.8,98.82,98.66,349
2023-01-04 16:00:00,98.76,98.73,98.81,98.7,3458
2023-01-05 09:30:00,98.68,98.68,98.72,98.61,8379
2023-01-05 09:31:00,98.53,98.7,98.72,98.49,9232
2023-01-05 09:32:00,98.52,98.43,98.56,98.34,1994
2023-01-05 09:33:00,98.35,98.37,98.39,98.26,5549
2023-01-05 09:34:00,98.4,98.59,98.66,98.4,1733
2023-01-05 09:35:00,98.36,98.27,98.37,98.17,152
2023-01-05 09:36:00,98.27,98.28,98.31,98.23,5391
2023-01-05 09:37:00,98.04,98.02,98.05,97.93,5169
2023-01-05 09:38:00,98.12,98.27,98.31,98.09,8409
2023-01-05 09:39:00,98.15,98.04,98.24,98.0,7388
2023-01-05 09:40:00,98.21,98.12,98.28,98.08,4806
2023-01-05 09:41:00,98.09,98.26,98.32,98.05,6807
2023-01-05 09:42:00,97.97,97.65,97.99,97.55,4935
2023-01-05 09:43:00,97.92,97.82,98.01,97.82,5522
2023-01-05 09:44:00,98.13,98.05,98.22,98.04,4684
2023-01-05 09:45:00,98.18,98.27,98.37,98.13,6177
2023-01-05 09:46:00,97.96,97.93,98.06,97.83,2998
2023-01-05 09:47:00,97.9,97.97,98.07,97.83,1548
2023-01-05 09:48:00,97.81,97.86,97.87,97.76,2492
2023-01-05 09:49:00,97.63,97.56,97.64,97.48,9586
2023-01-05 09:50:00,97.63,97.66,97.73,97.61,8029
2023-01-05 09:51:00,97.7,97.64,97.77,97.55,2261
2023-01-05 09:52:00,97.67,97.6,97.7,97.55,6930
2023-01-05 09:53:00,97.62,97.61,97.65,97.58,4731
2023-01-05 09:54:00,97.59,97.46,97.6,97.43,9348
2023-01-05 09:55:00,97.67,97.71,97.81,97.66,753
2023-01-05 09:56:00,97.61,97.55,97.66,97.47,1018
2023-01-05 09:57:00,97.54,97.49,97.64,97.46,7799
2023-01-05 09:58:00,97.51,97.55,97.64,97.42,3812
2023-01-05 09:59:00,97.77,97.75,97.78,97.69,2684
2023-01-05 10:00:00,97.84,97.95,98.03,97.75,3828
2023-01-05 10:01:00,97.93,98.04,98.11,97.84,4099
2023-01-05 10:02:00,98.14,98.32,98.34,98.06,9167
2023-01-05 10:03:00,98.07,98.17,98.27,98.04,4234
2023-01-05 10:04:00,98.13,98.21,98.28,98.03,7212
2023-01-05 10:05:00,98.2,98.1,98.25,98.05,6366
2023-01-05 10:06:00,98.22,98.15,98.31,98.15,2834
2023-01-05 10:07:00,98.23,98.21,98.28,98.12,5526
2023-01-05 10:08:00,98.28,98.36,98.4,98.22,9234
2023-01-05 10:09:00,98.17,98.3,98.32,98.07,5464
2023-01-05 10:10:00,98.17,98.02,98.19,97.97,4228
2023-01-05 10:11:00,98.22,98.16,98.3,98.06,1755
2023-01-05 10:12:00,98.15,98.19,98.25,98.08,9899
2023-01-05 10:13:00,98.28,98.13,98.37,98.09,583
2023-01-05 10:14:00,98.17,97.93,98.23,97.92,5155
2023-01-05 10:15:00,98.08,98.18,98.23,98.01,4141
2023-01-05 10:16:00,97.99,98.13,98.15,97.91,6419
2023-01-05 10:17:00,97.99,97.95,98.08,97.9,590
2023-01-05 10:18:00,97.94,97.94,98.02,97.9,5908
2023-01-05 10:19:00,97.96,97.98,98.04,97.95,7451
2023-01-05 10:20:00,98.0,97.95,98.03,97.9,2353
2023-01-05 10:21:00,97.92,97.89,97.93,97.85,6325
2023-01-05 10:22:00,97.81,97.87,97.96,97.73,3107
2023-01-05 10:23:00,97.78,97.8,97.85,97.7,8648
2023-01-05 10:24:00,97.83,97.91,97.92,97.81,4747
2023-01-05 10:25:00,97.81,97.83,97.86,97.77,2585
2023-01-05 10:26:00,97.86,97.82,97.9,97.74,8656
2023-01-05 10:27:00,97.87,97.74,97.88,97.67,9317
2023-01-05 10:28:00,98.0,97.84,98.09,97.76,7742
2023-01-05 10:29:00,98.0,98.14,98.21,97.93,2041
2023-01-05 10:30:00,98.17,98.04,98.18,97.97,7431
2023-01-05 10:31:00,98.03,98.13,98.23,97.96,8352
2023-01-05 10:32:00,98.04,97.9,98.04,97.88,4869
2023-01-05 10:33:00,97.92,97.77,98.0,97.75,2175
2023-01-05 10:34:00,98.18,98.22,98.25,98.18,2370
2023-01-05 10:35:00,98.47,98.44,98.56,98.4,8467
2023-01-05 10:36:00,98.5,98.52,98.53,98.43,3640
2023-01-05 10:37:00,98.41,98.46,98.54,98.34,6881
2023-01-05 10:38:00,98.3,98.35,98.36,98.23,4070
2023-01-05 10:39:00,98.36,98.36,98.37,98.27,1153
2023-01-05 10:40:00,98.32,98.34,98.43,98.25,722
2023-01-05 10:41:00,98.33,98.2,98.38,98.16,5971
2023-01-05 10:42:00,98.18,98.21,98.29,98.12,8038
2023-01-05 10:43:00,98.23,98.31,98.39,98.22,9633
2023-01-05 10:44:00,98.16,98.18,98.19,98.13,9240
2023-01-05 10:45:00,98.13,98.16,98.23,98.04,9026
2023-01-05 10:46:00,98.28,98.44,98.45,98.25,3050
2023-01-05 10:47:00,98.25,98.09,98.3,98.07,8324
2023-01-05 10:48:00,98.32,98.48,98.57,98.28,1629
2023-01-05 10:49:00,98.34,98.33,98.38,98.25,562
2023-01-05 10:50:00,98.33,98.4,98.42,98.26,4274
2023-01-05 10:51:00,98.18,98.14,98.28,98.1,9341
2023-01-05 10:52:00,98.07,98.23,98.29,98.0,525
2023-01-05 10:53:00,98.17,98.21,98.3,98.13,3063
2023-01-05 10:54:00,98.02,98.15,98.16,97.95,1648
2023-01-05 10:55:00,98.16,98.13,98.18,98.09,8807
2023-01-05 10:56:00,98.25,98.21,98.32,98.19,2412
2023-01-05 10:57:00,98.15,98.38,98.45,98.15,1422
2023-01-05 10:58:00,98.12,98.16,98.22,98.1,2474
2023-01-05 10:59:00,98.18,98.06,98.21,97.98,5116
2023-01-05 11:00:00,98.05,98.06,98.16,97.96,1694
2023-01-05 11:01:00,97.97,97.89,97.99,97.88,5567
2023-01-05 11:02:00,97.99,98.19,98.19,97.93,4259
2023-01-05 11:03:00,98.08,97.95,98.12,97.93,9296
2023-01-05 11:04:00,98.16,98.16,98.25,98.12,7814
2023-01-05 11:05:00,97.97,97.95,98.05,97.88,3740
2023-01-05 11:06:00,97.94,97.94,97.94,97.86,6822
2023-01-05 11:07:00,98.04,97.99,98.06,97.9,3707
2023-01-05 11:08:00,97.9,98.08,98.12,97.86,4483
2023-01-05 11:09:00,97.78,97.87,97.9,97.76,2568
2023-01-05 11:10:00,97.87,97.77,97.88,97.7,9368
2023-01-05 11:11:00,97.87,98.03,98.06,97.84,7046
2023-01-05 11:12:00,97.93,97.84,97.97,97.79,4915
2023-01-05 11:13:00,97.99,97.85,98.07,97.81,1478
2023-01-05 11:14:00,97.96,98.04,98.04,97.89,9349
2023-01-05 11:15:00,97.79,97.71,97.81,97.65,5393
2023-01-05 11:16:00,97.94,97.9,97.98,97.85,1458
2023-01-05 11:17:00,97.96,98.04,98.14,97.94,1443
2023-01-05 11:18:00,98.15,98.12,98.19,98.1,7562
2023-01-05 11:19:00,98.12,98.11,98.13,98.04,2728
2023-01-05 11:20:00,98.16,98.11,98.19,98.07,4140
2023-01-05 11:21:00,97.96,97.98,98.02,97.89,6442
2023-01-05 11:22:00,97.94,98.08,98.08,97.85,2352
2023-01-05 11:23:00,97.97,98.04,98.13,97.88,7004
2023-01-05 11:24:00,98.01,97.96,98.05,97.95,1537
2023-01-05 11:25:00,97.93,97.98,98.06,97.85,9850
2023-01-05 11:26:00,97.87,97.86,97.91,97.78,4649
2023-01-05 11:27:00,97.84,97.86,97.87,97.81,8199
2023-01-05 11:28:00,97.85,97.71,97.86,97.68,3212
2023-01-05 11:29:00,97.82,97.88,97.97,97.81,918
2023-01-05 11:30:00,97.83,97.82,97.91,97.74,7174
2023-01-05 11:31:00,97.76,97.76,97.82,97.71,6978
2023-01-05 11:32:00,97.7,97.51,97.75,97.43,8775
2023-01-05 11:33:00,97.66,97.48,97.73,97.46,2893
2023-01-05 11:34:00,97.6,97.62,97.72,97.52,7930
2023-01-05 11:35:00,97.53,97.52,97.6,97.43,5341
2023-01-05 11:36:00,97.43,97.28,97.47,97.24,5752
2023-01-05 11:37:00,97.53,97.58,97.59,97.48,5403
2023-01-05 11:38:00,97.53,97.48,97.62,97.44,8174
2023-01-05 11:39:00,97.54,97.62,97.72,97.46,2291
2023-01-05 11:40:00,97.68,97.78,97.84,97.59,3923
2023-01-05 11:41:00,97.88,97.87,97.94,97.83,6059
2023-01-05 11:42:00,97.87,97.8,97.97,97.73,5531
2023-01-05 11:43:00,98.09,97.98,98.15,97.92,6835
2023-01-05 11:44:00,97.97,98.03,98.06,97.91,9999
2023-01-05 11:45:00,98.01,97.98,98.06,97.94,1836
2023-01-05 11:46:00,97.99,97.95,98.0,97.9,3314
2023-01-05 11:47:00,97.92,97.81,97.92,97.8,8906
2023-01-05 11:48:00,98.14,98.2,98.22,98.08,2963
2023-01-05 11:49:00,98.18,98.32,98.33,98.11,6145
2023-01-05 11:50:00,98.03,98.03,98.1,98.01,2417
2023-01-05 11:51:00,98.25,98.17,98.34,98.11,2040
2023-01-05 11:52:00,98.11,98.11,98.13,98.03,960
2023-01-05 11:53:00,98.14,98.1,98.21,98.09,8925
2023-01-05 11:54:00,98.12,98.11,98.13,98.04,590
2023-01-05 11:55:00,98.15,98.15,98.25,98.14,6132
2023-01-05 11:56:00,98.09,98.12,98.16,98.06,5541
2023-01-05 11:57:00,98.06,98.08,98.09,97.98,516
2023-01-05 11:58:00,98.09,98.05,98.14,97.96,3170
2023-01-05 11:59:00,98.19,98.31,98.38,98.17,5601
2023-01-05 12:00:00,98.16,98.16,98.17,98.07,9175
2023-01-05 12:01:00,98.04,97.92,98.04,97.86,2698
2023-01-05 12:02:00,97.95,98.06,98.12,97.93,1212
2023-01-05 12:03:00,98.02,97.95,98.05,97.92,1850
2023-01-05 12:04:00,98.11,98.14,98.17,98.07,8196
2023-01-05 12:05:00,98.16,98.11,98.17,98.07,4587
2023-01-05 12:06:00,98.2,98.2,98.21,98.12,9969
2023-01-05 12:07:00,98.12,98.19,98.21,98.12,457
2023-01-05 12:08:00,98.22,98.37,98.42,98.17,1290
2023-01-05 12:09:00,98.17,98.08,98.24,98.0,8048
2023-01-05 12:10:00,98.22,98.27,98.36,98.19,2689
2023-01-05 12:11:00,98.17,98.2,98.27,98.16,1407
2023-01-05 12:12:00,98.18,98.12,98.28,98.05,8266
2023-01-05 12:13:00,98.03,97.97,98.06,97.96,2008
2023-01-05 12:14:00,98.17,98.15,98.24,98.11,6975
2023-01-05 12:15:00,98.03,98.09,98.09,98.02,7896
2023-01-05 12:16:00,98.15,98.2,98.24,98.1,6675
2023-01-05 12:17:00,98.11,98.13,98.16,98.03,3898
2023-01-05 12:18:00,98.1,98.02,98.19,97.93,938
2023-01-05 12:19:00,98.11,98.0,98.11,97.97,2761
2023-01-05 12:20:00,98.02,98.01,98.09,98.0,1216
2023-01-05 12:21:00,98.2,98.31,98.36,98.11,7203
2023-01-05 12:22:00,98.21,98.08,98.29,98.05,6898
2023-01-05 12:23:00,98.27,98.25,98.31,98.17,455
2023-01-05 12:24:00,98.37,98.5,98.53,98.27,5030
2023-01-05 12:25:00,98.33,98.18,98.36,98.17,8086
2023-01-05 12:26:00,98.31,98.47,98.52,98.3,631
2023-01-05 12:27:00,98.36,98.47,98.49,98.34,4701
2023-01-05 12:28:00,98.44,98.51,98.51,98.4,8851
2023-01-05 12:29:00,98.49,98.57,98.62,98.41,467
2023-01-05 12:30:00,98.41,98.37,98.41,98.27,8644
2023-01-05 12:31:00,98.48,98.49,98.57,98.47,2722
2023-01-05 12:32:00,98.35,98.37,98.43,98.3,6267
2023-01-05 12:33:00,98.12,98.25,98.34,98.03,7083
2023-01-05 12:34:00,98.13,98.19,98.29,98.04,1055
2023-01-05 12:35:00,98.12,98.05,98.15,98.01,4222
2023-01-05 12:36:00,98.17,98.3,98.36,98.15,7452
2023-01-05 12:37:00,98.15,98.16,98.18,98.12,7513
2023-01-05 12:38:00,98.22,98.19,98.29,98.16,3921
2023-01-05 12:39:00,98.26,98.33,98.34,98.23,495
2023-01-05 12:40:00,98.23,98.22,98.26,98.16,3896
2023-01-05 12:41:00,98.28,98.15,98.37,98.07,9299
2023-01-05 12:42:00,98.35,98.43,98.46,98.32,778
2023-01-05 12:43:00,98.38,98.38,98.39,98.3,5492
2023-01-05 12:44:00,98.15,98.19,98.24,98.07,2505
2023-01-05 12:45:00,98.04,98.25,98.33,97.96,2838
2023-01-05 12:46:00,98.09,98.01,98.17,97.92,8950
2023-01-05 12:47:00,98.14,98.13,98.17,98.04,7507
2023-01-05 12:48:00,98.07,98.01,98.12,97.94,9336
2023-01-05 12:49:00,98.04,98.11,98.2,97.98,6240
2023-01-05 12:50:00,98.06,98.06,98.1,97.99,8333
2023-01-05 12:51:00,97.91,98.04,98.11,97.81,1912
2023-01-05 12:52:00,97.92,98.08,98.11,97.9,1416
2023-01-05 12:53:00,97.94,97.95,98.01,97.87,3076
2023-01-05 12:54:00,97.9,97.76,98.0,97.74,1587
2023-01-05 12:55:00,98.01,98.06,98.12,97.99,620
2023-01-05 12:56:00,98.0,98.06,98.07,97.99,2583
2023-01-05 12:57:00,97.96,98.0,98.1,97.92,9019
2023-01-05 12:58:00,97.82,97.72,97.84,97.68,4112
2023-01-05 12:59:00,97.69,97.67,97.79,97.61,470
2023-01-05 13:00:00,97.73,97.82,97.91,97.67,5986
2023-01-05 13:01:00,97.64,97.56,97.7,97.56,8923
2023-01-05 13:02:00,97.61,97.64,97.68,97.56,8385
2023-01-05 13:03:00,97.55,97.58,97.61,97.54,7118
2023-01-05 13:04:00,97.47,97.41,97.53,97.33,8839
2023-01-05 13:05:00,97.62,97.63,97.69,97.55,8472
2023-01-05 13:06:00,97.66,97.66,97.75,97.6,2869
2023-01-05 13:07:00,97.54,97.48,97.54,97.44,1384
2023-01-05 13:08:00,97.56,97.33,97.65,97.29,7764
2023-01-05 13:09:00,97.76,97.79,97.87,97.7,6619
2023-01-05 13:10:00,97.64,97.7,97.72,97.64,9599
2023-01-05 13:11:00,97.62,97.75,97.75,97.55,1563
2023-01-05 13:12:00,97.43,97.51,97.54,97.4,4691
2023-01-05 13:13:00,97.29,97.25,97.34,97.15,9566
2023-01-05 13:14:00,97.28,97.29,97.3,97.22,6831
2023-01-05 13:15:00,97.53,97.69,97.77,97.53,3799
2023-01-05 13:16:00,97.54,97.54,97.61,97.48,4427
2023-01-05 13:17:00,97.57,97.57,97.59,97.53,9916
2023-01-05 13:18:00,97.69,97.67,97.77,97.62,4738
2023-01-05 13:19:00,97.63,97.74,97.74,97.57,2662
2023-01-05 13:20:00,97.45,97.27,97.51,97.17,8786
2023-01-05 13:21:00,97.42,97.54,97.58,97.4,6451
2023-01-05 13:22:00,97.47,97.42,97.5,97.37,4819
2023-01-05 13:23:00,97.51,97.55,97.62,97.45,947
2023-01-05 13:24:00,97.53,97.69,97.71,97.44,1420
2023-01-05 13:25:00,97.64,97.63,97.69,97.6,3908
2023-01-05 13:26:00,97.52,97.57,97.59,97.44,1084
2023-01-05 13:27:00,97.74,97.74,97.74,97.72,1543
2023-01-05 13:28:00,97.81,98.12,98.13,97.78,5472
2023-01-05 13:29:00,98.0,98.19,98.24,97.94,5348
2023-01-05 13:30:00,97.84,97.61,97.85,97.54,5271
2023-01-05 13:31:00,97.96,97.98,98.0,97.88,9562
2023-01-05 13:32:00,98.06,98.13,98.18,97.99,9346
2023-01-05 13:33:00,97.95,97.76,98.02,97.73,690
2023-01-05 13:34:00,98.0,97.96,98.03,97.88,3384
2023-01-05 13:35:00,98.17,98.17,98.23,98.07,3463
2023-01-05 13:36:00,98.07,98.1,98.14,98.02,3998
2023-01-05 13:37:00,97.95,97.99,98.01,97.9,4915
2023-01-05 13:38:00,97.9,97.95,97.99,97.87,131
2023-01-05 13:39:00,97.91,97.96,98.02,97.81,4654
2023-01-05 13:40:00,97.91,97.8,97.93,97.71,519
2023-01-05 13:41:00,97.92,97.98,97.99,97.9,2005
2023-01-05 13:42:00,98.02,97.74,98.05,97.73,3877
2023-01-05 13:43:00,98.14,98.13,98.17,98.05,873
2023-01-05 13:44:00,98.26,98.21,98.27,98.14,8565
2023-01-05 13:45:00,98.28,98.28,98.3,98.2,7013
2023-01-05 13:46:00,98.38,98.36,98.39,98.3,7495
2023-01-05 13:47:00,98.33,98.28,98.4,98.23,1779
2023-01-05 13:48:00,98.19,98.2,98.21,98.16,1775
2023-01-05 13:49:00,98.15,98.07,98.25,98.01,6507
2023-01-05 13:50:00,98.11,98.11,98.18,98.07,690
2023-01-05 13:51:00,98.21,98.2,98.25,98.17,3358
2023-01-05 13:52:00,98.16,98.23,98.26,98.07,2229
2023-01-05 13:53:00,98.12,98.28,98.29,98.03,8443
2023-01-05 13:54:00,98.04,98.05,98.14,97.97,4945
2023-01-05 13:55:00,98.08,97.86,98.1,97.78,7000
2023-01-05 13:56:00,98.08,98.2,98.22,98.03,9376
2023-01-05 13:57:00,98.25,98.2,98.28,98.18,6880
2023-01-05 13:58:00,98.27,98.37,98.42,98.21,2749
2023-01-05 13:59:00,98.33,98.4,98.42,98.24,3447
2023-01-05 14:00:00,98.44,98.52,98.56,98.39,272
2023-01-05 14:01:00,98.46,98.61,98.69,98.42,472
2023-01-05 14:02:00,98.27,98.35,98.43,98.26,3500
2023-01-05 14:03:00,98.43,98.49,98.58,98.39,4150
2023-01-05 14:04:00,98.35,98.39,98.45,98.31,728
2023-01-05 14:05:00,98.31,98.35,98.43,98.31,1230
2023-01-05 14:06:00,98.39,98.4,98.4,98.3,9969
2023-01-05 14:07:00,98.38,98.44,98.5,98.28,2996
2023-01-05 14:08:00,98.15,98.25,98.27,98.13,7994
2023-01-05 14:09:00,98.29,98.29,98.35,98.27,2020
2023-01-05 14:10:00,98.25,98.27,98.31,98.16,7201
2023-01-05 14:11:00,98.06,98.04,98.11,98.03,8765
2023-01-05 14:12:00,98.12,98.17,98.2,98.07,8223
2023-01-05 14:13:00,98.04,98.28,98.32,97.98,551
2023-01-05 14:14:00,97.95,98.05,98.1,97.92,4472
2023-01-05 14:15:00,97.96,98.1,98.12,97.89,4882
2023-01-05 14:16:00,97.97,97.95,97.98,97.86,4844
2023-01-05 14:17:00,97.97,97.93,98.04,97.84,7367
2023-01-05 14:18:00,97.99,97.89,98.07,97.88,9164
2023-01-05 14:19:00,97.98,98.1,98.17,97.95,7274
2023-01-05 14:20:00,98.02,98.06,98.14,97.94,3416
2023-01-05 14:21:00,98.15,98.25,98.33,98.07,8516
2023-01-05 14:22:00,98.28,98.16,98.35,98.06,2418
2023-01-05 14:23:00,98.33,98.28,98.38,98.25,2092
2023-01-05 14:24:00,98.36,98.32,98.37,98.26,5498
2023-01-05 14:25:00,98.44,98.44,98.49,98.44,2150
2023-01-05 14:26:00,98.45,98.31,98.52,98.29,4357
2023-01-05 14:27:00,98.43,98.42,98.46,98.41,3255
2023-01-05 14:28:00,98.28,98.38,98.42,98.18,4192
2023-01-05 14:29:00,98.27,98.23,98.31,98.22,4363
2023-01-05 14:30:00,98.25,98.09,98.35,98.02,706
2023-01-05 14:31:00,98.32,98.25,98.41,98.21,8262
2023-01-05 14:32:00,98.42,98.5,98.53,98.39,1744
2023-01-05 14:33:00,98.37,98.27,98.39,98.23,2817
2023-01-05 14:34:00,98.42,98.25,98.49,98.18,8927
2023-01-05 14:35:00,98.32,98.41,98.51,98.31,8383
2023-01-05 14:36:00,98.38,98.25,98.44,98.25,3797
2023-01-05 14:37:00,98.29,98.33,98.37,98.19,6684
2023-01-05 14:38:00,98.21,98.23,98.23,98.14,8762
2023-01-05 14:39:00,98.17,98.09,98.21,98.04,6922
2023-01-05 14:40:00,98.36,98.3,98.44,98.28,1041
2023-01-05 14:41:00,98.41,98.17,98.47,98.15,4642
2023-01-05 14:42:00,98.45,98.37,98.52,98.3,1217
2023-01-05 14:43:00,98.42,98.4,98.5,98.32,2830
2023-01-05 14:44:00,98.39,98.55,98.62,98.32,1874
2023-01-05 14:45:00,98.33,98.46,98.51,98.3,7421
2023-01-05 14:46:00,98.36,98.53,98.57,98.34,8442
2023-01-05 14:47:00,98.36,98.28,98.45,98.24,9257
2023-01-05 14:48:00,98.4,98.5,98.59,98.3,973
2023-01-05 14:49:00,98.3,98.3,98.31,98.24,7188
2023-01-05 14:50:00,98.25,98.26,98.31,98.21,8301
2023-01-05 14:51:00,98.23,98.12,98.3,98.11,6907
2023-01-05 14:52:00,98.21,98.13,98.3,98.09,9166
2023-01-05 14:53:00,98.16,98.29,98.3,98.08,7831
2023-01-05 14:54:00,98.26,98.43,98.45,98.21,4480
2023-01-05 14:55:00,98.32,98.3,98.34,98.27,9808
2023-01-05 14:56:00,98.27,98.27,98.31,98.21,8418
2023-01-05 14:57:00,98.24,98.43,98.43,98.18,341
2023-01-05 14:58:00,98.44,98.51,98.59,98.43,8494
2023-01-05 14:59:00,98.4,98.51,98.57,98.33,5657
2023-01-05 15:00:00,98.42,98.36,98.52,98.35,6776
2023-01-05 15:01:00,98.46,98.46,98.54,98.39,3758
2023-01-05 15:02:00,98.56,98.37,98.62,98.36,2018
2023-01-05 15:03:00,98.69,98.79,98.84,98.59,3978
2023-01-05 15:04:00,98.5,98.32,98.52,98.23,2002
2023-01-05 15:05:00,98.47,98.52,98.58,98.39,2165
2023-01-05 15:06:00,98.4,98.38,98.48,98.37,680
2023-01-05 15:07:00,98.2,98.22,98.25,98.18,5054
2023-01-05 15:08:00,98.35,98.31,98.4,98.21,9027
2023-01-05 15:09:00,98.3,98.27,98.36,98.19,5950
2023-01-05 15:10:00,98.23,98.46,98.56,98.16,5995
2023-01-05 15:11:00,98.36,98.21,98.37,98.17,7985
2023-01-05 15:12:00,98.31,98.24,98.35,98.14,7956
2023-01-05 15:13:00,98.4,98.34,98.46,98.28,2193
2023-01-05 15:14:00,98.49,98.43,98.5,98.33,9794
2023-01-05 15:15:00,98.43,98.71,98.74,98.42,280
2023-01-05 15:16:00,98.39,98.38,98.42,98.28,861
2023-01-05 15:17:00,98.48,98.39,98.53,98.35,6353
2023-01-05 15:18:00,98.26,98.28,98.37,98.21,6750
2023-01-05 15:19:00,98.25,98.45,98.51,98.19,5799
2023-01-05 15:20:00,98.33,98.33,98.4,98.24,5360
2023-01-05 15:21:00,98.36,98.39,98.44,98.34,6788
2023-01-05 15:22:00,98.33,98.23,98.36,98.15,4337
2023-01-05 15:23:00,98.38,98.48,98.55,98.31,5242
2023-01-05 15:24:00,98.35,98.36,98.39,98.26,4995
2023-01-05 15:25:00,98.28,98.13,98.32,98.13,7400
2023-01-05 15:26:00,98.14,97.98,98.24,97.96,295
2023-01-05 15:27:00,98.05,97.77,98.1,97.71,8950
2023-01-05 15:28:00,98.31,98.01,98.32,97.99,8365
2023-01-05 15:29:00,98.46,98.46,98.5,98.38,8011
2023-01-05 15:30:00,98.37,98.34,98.43,98.34,2483
2023-01-05 15:31:00,98.46,98.51,98.54,98.41,4629
2023-01-05 15:32:00,98.46,98.48,98.55,98.36,7776
2023-01-05 15:33:00,98.5,98.42,98.59,98.4,4914
2023-01-05 15:34:00,98.54,98.66,98.7,98.5,1065
2023-01-05 15:35:00,98.49,98.52,98.53,98.42,7584
2023-01-05 15:36:00,98.49,98.61,98.64,98.44,8718
2023-01-05 15:37:00,98.47,98.42,98.56,98.39,5405
2023-01-05 15:38:00,98.56,98.55,98.6,98.45,4648
2023-01-05 15:39:00,98.68,98.52,98.75,98.5,1333
2023-01-05 15:40:00,98.51,98.39,98.55,98.35,5190
2023-01-05 15:41:00,98.49,98.53,98.55,98.41,7640
2023-01-05 15:42:00,98.5,98.48,98.57,98.44,7908
2023-01-05 15:43:00,98.46,98.41,98.52,98.37,2424
2023-01-05 15:44:00,98.52,98.41,98.6,98.33,6382
2023-01-05 15:45:00,98.63,98.71,98.79,98.62,6611
2023-01-05 15:46:00,98.58,98.6,98.66,98.49,6851
2023-01-05 15:47:00,98.42,98.42,98.51,98.4,7645
2023-01-05 15:48:00,98.42,98.4,98.45,98.32,1364
2023-01-05 15:49:00,98.41,98.42,98.51,98.36,6833
2023-01-05 15:50:00,98.44,98.43,98.45,98.42,4621
2023-01-05 15:51:00,98.6,98.74,98.78,98.55,2591
2023-01-05 15:52:00,98.8,98.82,98.85,98.79,6575
2023-01-05 15:53:00,98.8,98.75,98.83,98.7,8280
2023-01-05 15:54:00,98.92,98.86,98.97,98.77,549
2023-01-05 15:55:00,99.02,99.1,99.13,98.94,1810
2023-01-05 15:56:00,99.06,98.96,99.13,98.88,9692
2023-01-05 15:57:00,99.18,99.16,99.28,99.12,7135
2023-01-05 15:58:00,99.1,99.02,99.15,99.01,9770
2023-01-05 15:59:00,99.27,99.28,99.29,99.21,9279
2023-01-05 16:00:00,99.2,99.29,99.34,99.16,3144
2023-01-06 09:30:00,99.09,99.05,99.18,98.97,6524
2023-01-06 09:31:00,99.11,99.23,99.26,99.02,851
2023-01-06 09:32:00,99.23,99.45,99.47,99.22,262
2023-01-06 09:33:00,99.26,99.18,99.26,99.09,9515
2023-01-06 09:34:00,99.12,99.06,99.22,99.03,5542
2023-01-06 09:35:00,99.16,99.13,99.25,99.09,9465
2023-01-06 09:36:00,99.24,99.02,99.24,98.96,3050
2023-01-06 09:37:00,99.12,98.99,99.15,98.95,3225
2023-01-06 09:38:00,99.13,99.13,99.16,99.12,8490
2023-01-06 09:39:00,99.18,99.07,99.22,99.0,7589
2023-01-06 09:40:00,99.17,99.23,99.26,99.15,5964
2023-01-06 09:41:00,99.3,99.23,99.31,99.2,5228
2023-01-06 09:42:00,99.36,99.4,99.48,99.34,2509
2023-01-06 09:43:00,99.3,99.26,99.3,99.25,380
2023-01-06 09:44:00,99.1,99.15,99.21,99.06,693
2023-01-06 09:45:00,99.21,99.24,99.26,99.17,805
2023-01-06 09:46:00,99.32,99.25,99.36,99.22,8688
2023-01-06 09:47:00,99.17,99.12,99.22,99.1,827
2023-01-06 09:48:00,99.26,99.25,99.34,99.25,1147
2023-01-06 09:49:00,99.17,99.13,99.21,99.03,2874
2023-01-06 09:50:00,99.3,99.19,99.33,99.13,2203
2023-01-06 09:51:00,99.36,99.43,99.48,99.28,4206
2023-01-06 09:52:00,99.26,99.33,99.34,99.21,7112
2023-01-06 09:53:00,99.27,99.36,99.44,99.25,9586
2023-01-06 09:54:00,99.34,99.14,99.39,99.12,8832
2023-01-06 09:55:00,99.32,99.28,99.38,99.28,1608
2023-01-06 09:56:00,99.26,99.37,99.44,99.21,7701
2023-01-06 09:57:00,99.13,99.14,99.14,99.05,2182
2023-01-06 09:58:00,99.13,99.23,99.33,99.09,4504
2023-01-06 09:59:00,99.03,98.91,99.06,98.89,7895
2023-01-06 10:00:00,99.01,98.96,99.08,98.88,1169
2023-01-06 10:01:00,98.97,98.95,98.97,98.93,1823
2023-01-06 10:02:00,99.12,99.27,99.36,99.11,4944
2023-01-06 10:03:00,99.18,99.19,99.24,99.08,1082
2023-01-06 10:04:00,99.11,99.09,99.11,99.05,2624
2023-01-06 10:05:00,99.15,99.06,99.18,99.04,6028
2023-01-06 10:06:00,99.23,98.94,99.31,98.91,6878
2023-01-06 10:07:00,99.39,99.55,99.6,99.39,5038
2023-01-06 10:08:00,99.4,99.18,99.41,99.08,7388
2023-01-06 10:09:00,99.31,99.34,99.41,99.23,4227
2023-01-06 10:10:00,99.38,99.35,99.39,99.26,4447
2023-01-06 10:11:00,99.43,99.33,99.47,99.28,9197
2023-01-06 10:12:00,99.5,99.55,99.56,99.48,2414
2023-01-06 10:13:00,99.53,99.59,99.67,99.43,2965
2023-01-06 10:14:00,99.5,99.57,99.58,99.5,8965
2023-01-06 10:15:00,99.39,99.52,99.58,99.3,4274
2023-01-06 10:16:00,99.31,99.23,99.38,99.2,4057
2023-01-06 10:17:00,99.41,99.43,99.47,99.34,3399
2023-01-06 10:18:00,99.32,99.28,99.34,99.26,9719
2023-01-06 10:19:00,99.39,99.29,99.4,99.26,5051
2023-01-06 10:20:00,99.4,99.37,99.48,99.32,3995
2023-01-06 10:21:00,99.28,99.33,99.42,99.25,507
2023-01-06 10:22:00,99.28,99.22,99.38,99.18,8762
2023-01-06 10:23:00,99.29,99.37,99.43,99.24,7995
2023-01-06 10:24:00,99.4,99.23,99.45,99.21,8558
2023-01-06 10:25:00,99.5,99.49,99.53,99.42,4614
2023-01-06 10:26:00,99.63,99.65,99.67,99.6,5668
2023-01-06 10:27:00,99.65,99.49,99.72,99.44,9928
2023-01-06 10:28:00,99.63,99.69,99.7,99.63,1776
2023-01-06 10:29:00,99.43,99.56,99.56,99.41,8047
2023-01-06 10:30:00,99.37,99.45,99.53,99.32,7323
2023-01-06 10:31:00,99.35,99.47,99.53,99.27,9360
2023-01-06 10:32:00,99.25,99.17,99.28,99.15,1723
2023-01-06 10:33:00,99.32,99.17,99.38,99.08,7845
2023-01-06 10:34:00,99.31,99.42,99.48,99.3,5462
2023-01-06 10:35:00,99.21,99.3,99.32,99.13,6695
2023-01-06 10:36:00,99.16,99.14,99.19,99.05,1352
2023-01-06 10:37:00,99.19,99.13,99.23,99.11,8708
2023-01-06 10:38:00,99.19,99.22,99.27,99.13,379
2023-01-06 10:39:00,99.15,99.26,99.31,99.12,2048
2023-01-06 10:40:00,99.18,99.12,99.24,99.04,3793
2023-01-06 10:41:00,98.91,98.97,99.01,98.82,5146
2023-01-06 10:42:00,98.88,98.89,98.96,98.78,2245
2023-01-06 10:43:00,98.7,98.54,98.79,98.5,6432
2023-01-06 10:44:00,98.79,98.6,98.81,98.58,1379
2023-01-06 10:45:00,98.68,98.71,98.71,98.65,8013
2023-01-06 10:46:00,98.69,98.59,98.72,98.56,1624
2023-01-06 10:47:00,98.77,98.73,98.79,98.66,9737
2023-01-06 10:48:00,98.86,98.77,98.88,98.71,9611
2023-01-06 10:49:00,98.95,99.04,99.12,98.9,6912
2023-01-06 10:50:00,98.97,99.0,99.02,98.92,6148
2023-01-06 10:51:00,99.04,99.16,99.24,99.02,1413
2023-01-06 10:52:00,99.1,99.14,99.2,99.03,8615
2023-01-06 10:53:00,99.07,98.92,99.09,98.83,682
2023-01-06 10:54:00,98.97,99.05,99.12,98.87,3401
2023-01-06 10:55:00,99.14,99.21,99.24,99.07,1116
2023-01-06 10:56:00,99.07,98.8,99.15,98.71,7022
2023-01-06 10:57:00,99.09,99.13,99.17,99.03,299
2023-01-06 10:58:00,99.06,99.22,99.3,99.05,5754
2023-01-06 10:59:00,99.0,99.07,99.08,98.93,6747
2023-01-06 11:00:00,98.82,98.83,98.93,98.8,8496
2023-01-06 11:01:00,98.77,98.78,98.83,98.72,1400
2023-01-06 11:02:00,98.74,98.74,98.83,98.68,8230
2023-01-06 11:03:00,98.65,98.46,98.66,98.38,8448
2023-01-06 11:04:00,98.61,98.63,98.73,98.59,5330
2023-01-06 11:05:00,98.75,98.72,98.81,98.7,8229
2023-01-06 11:06:00,98.84,98.76,98.87,98.76,5484
2023-01-06 11:07:00,98.83,98.73,98.84,98.65,4329
2023-01-06 11:08:00,98.84,98.76,98.88,98.67,3451
2023-01-06 11:09:00,98.69,98.81,98.89,98.64,1864
2023-01-06 11:10:00,98.64,98.73,98.83,98.61,8062
2023-01-06 11:11:00,98.57,98.61,98.63,98.52,7463
2023-01-06 11:12:00,98.53,98.32,98.56,98.29,9327
2023-01-06 11:13:00,98.57,98.6,98.61,98.48,2277
2023-01-06 11:14:00,98.56,98.39,98.66,98.36,9961
2023-01-06 11:15:00,98.58,98.39,98.58,98.3,7178
2023-01-06 11:16:00,98.49,98.7,98.73,98.46,2390
2023-01-06 11:17:00,98.35,98.42,98.49,98.31,9981
2023-01-06 11:18:00,98.19,98.22,98.25,98.12,1833
2023-01-06 11:19:00,98.2,98.43,98.44,98.18,8548
2023-01-06 11:20:00,98.19,98.36,98.41,98.16,1855
2023-01-06 11:21:00,98.11,98.11,98.13,98.1,4007
2023-01-06 11:22:00,98.14,98.06,98.19,98.05,2835
2023-01-06 11:23:00,98.19,98.22,98.25,98.18,7359
2023-01-06 11:24:00,98.22,98.13,98.28,98.12,232
2023-01-06 11:25:00,98.17,98.2,98.23,98.13,4791
2023-01-06 11:26:00,98.1,98.03,98.13,97.96,7596
2023-01-06 11:27:00,98.13,98.1,98.16,98.03,2868
2023-01-06 11:28:00,97.97,97.85,97.99,97.85,2857
2023-01-06 11:29:00,97.96,98.01,98.09,97.95,2765
2023-01-06 11:30:00,97.98,97.84,98.05,97.79,5668
2023-01-06 11:31:00,97.93,97.93,98.0,97.92,8647
2023-01-06 11:32:00,98.06,97.89,98.12,97.82,5247
2023-01-06 11:33:00,97.98,98.04,98.04,97.98,8698
2023-01-06 11:34:00,97.95,98.06,98.15,97.87,1413
2023-01-06 11:35:00,97.82,97.71,97.85,97.64,391
2023-01-06 11:36:00,97.8,97.82,97.85,97.77,6889
2023-01-06 11:37:00,97.71,97.66,97.78,97.57,135
2023-01-06 11:38:00,97.63,97.73,97.82,97.55,5903
2023-01-06 11:39:00,97.74,97.8,97.87,97.72,8677
2023-01-06 11:40:00,97.73,97.72,97.8,97.66,7960
2023-01-06 11:41:00,97.73,97.72,97.74,97.64,5129
2023-01-06 11:42:00,97.77,97.68,97.79,97.62,6428
2023-01-06 11:43:00,97.77,97.81,97.88,97.7,8693
2023-01-06 11:44:00,97.87,97.82,97.93,97.75,5128
2023-01-06 11:45:00,97.91,97.94,98.03,97.81,8716
2023-01-06 11:46:00,98.01,98.14,98.2,97.99,9896
2023-01-06 11:47:00,97.89,97.88,97.89,97.83,8998
2023-01-06 11:48:00,97.83,97.99,98.07,97.76,2341
2023-01-06 11:49:00,97.91,97.95,97.96,97.84,1944
2023-01-06 11:50:00,98.05,98.14,98.15,97.99,9755
2023-01-06 11:51:00,98.03,98.11,98.21,97.98,2404
2023-01-06 11:52:00,97.96,97.86,97.99,97.83,9538
2023-01-06 11:53:00,97.91,97.95,98.0,97.87,2495
2023-01-06 11:54:00,97.88,97.84,97.94,97.78,8319
2023-01-06 11:55:00,97.88,97.9,97.95,97.83,3429
2023-01-06 11:56:00,97.84,97.76,97.85,97.73,7529
2023-01-06 11:57:00,97.8,97.9,97.98,97.72,1096
2023-01-06 11:58:00,97.85,97.9,97.97,97.78,3863
2023-01-06 11:59:00,97.93,97.94,98.01,97.85,2849
2023-01-06 12:00:00,97.8,97.86,97.9,97.79,7070
2023-01-06 12:01:00,97.63,97.49,97.72,97.47,5171
2023-01-06 12:02:00,97.66,97.44,97.67,97.39,5324
2023-01-06 12:03:00,97.53,97.65,97.7,97.46,7624
2023-01-06 12:04:00,97.47,97.42,97.49,97.37,8141
2023-01-06 12:05:00,97.39,97.52,97.52,97.36,5241
2023-01-06 12:06:00,97.42,97.42,97.48,97.35,2263
2023-01-06 12:07:00,97.38,97.36,97.48,97.33,4931
2023-01-06 12:08:00,97.61,97.68,97.75,97.56,9557
2023-01-06 12:09:00,97.66,97.43,97.69,97.4,9960
2023-01-06 12:10:00,97.85,97.79,97.88,97.72,1113
2023-01-06 12:11:00,97.87,97.8,97.92,97.76,3377
2023-01-06 12:12:00,97.85,97.81,97.9,97.79,3999
2023-01-06 12:13:00,97.98,98.09,98.15,97.95,3940
2023-01-06 12:14:00,97.81,97.81,97.85,97.76,5582
2023-01-06 12:15:00,97.83,97.94,97.95,97.8,9022
2023-01-06 12:16:00,97.86,97.72,97.9,97.66,2011
2023-01-06 12:17:00,97.91,97.98,98.04,97.81,648
2023-01-06 12:18:00,97.89,97.8,97.9,97.72,1053
2023-01-06 12:19:00,97.87,97.96,98.02,97.84,1606
2023-01-06 12:20:00,97.92,98.02,98.11,97.88,9347
2023-01-06 12:21:00,97.93,97.95,97.98,97.92,136
2023-01-06 12:22:00,97.94,97.98,98.08,97.86,8756
2023-01-06 12:23:00,97.96,98.09,98.17,97.94,6023
2023-01-06 12:24:00,98.13,98.05,98.17,98.02,8032
2023-01-06 12:25:00,98.29,98.17,98.36,98.08,9085
2023-01-06 12:26:00,98.28,98.38,98.48,98.18,1274
2023-01-06 12:27:00,98.32,98.22,98.36,98.18,9602
2023-01-06 12:28:00,98.34,98.38,98.44,98.26,8377
2023-01-06 12:29:00,98.38,98.52,98.6,98.3,4373
2023-01-06 12:30:00,98.33,98.51,98.54,98.26,5155
2023-01-06 12:31:00,98.43,98.43,98.51,98.33,7373
2023-01-06 12:32:00,98.55,98.54,98.64,98.52,3625
2023-01-06 12:33:00,98.47,98.48,98.55,98.45,7179
2023-01-06 12:34:00,98.6,98.61,98.66,98.53,3879
2023-01-06 12:35:00,98.64,98.61,98.65,98.61,7900
2023-01-06 12:36:00,98.63,98.5,98.71,98.49,2735
2023-01-06 12:37:00,98.56,98.64,98.67,98.46,5152
2023-01-06 12:38:00,98.56,98.26,98.56,98.2,4264
2023-01-06 12:39:00,98.74,98.61,98.77,98.61,5026
2023-01-06 12:40:00,98.68,98.73,98.77,98.59,2145
2023-01-06 12:41:00,98.58,98.59,98.61,98.51,995
2023-01-06 12:42:00,98.51,98.33,98.58,98.26,9208
2023-01-06 12:43:00,98.48,98.43,98.57,98.42,8024
2023-01-06 12:44:00,98.39,98.56,98.62,98.33,9758
2023-01-06 12:45:00,98.22,98.43,98.44,98.2,6428
2023-01-06 12:46:00,98.15,98.21,98.29,98.13,5718
2023-01-06 12:47:00,98.31,98.44,98.47,98.23,8662
2023-01-06 12:48:00,98.13,97.87,98.22,97.81,9440
2023-01-06 12:49:00,98.09,98.15,98.23,98.0,1616
2023-01-06 12:50:00,98.02,97.97,98.04,97.94,3482
2023-01-06 12:51:00,98.07,98.08,98.11,97.98,8338
2023-01-06 12:52:00,98.04,98.0,98.11,97.94,5381
2023-01-06 12:53:00,98.22,98.11,98.32,98.09,651
2023-01-06 12:54:00,98.28,98.43,98.46,98.19,3172
2023-01-06 12:55:00,98.24,98.35,98.36,98.2,4128
2023-01-06 12:56:00,98.21,98.19,98.25,98.1,2280
2023-01-06 12:57:00,97.95,97.87,98.0,97.82,9527
2023-01-06 12:58:00,97.92,97.93,97.96,97.88,5159
2023-01-06 12:59:00,98.02,98.01,98.03,97.96,7537
2023-01-06 13:00:00,98.06,98.09,98.09,98.05,158
2023-01-06 13:01:00,98.03,98.04,98.08,97.99,5709
2023-01-06 13:02:00,98.0,98.01,98.1,97.9,8554
2023-01-06 13:03:00,98.07,98.22,98.27,98.06,2517
2023-01-06 13:04:00,98.1,98.16,98.2,98.02,7496
2023-01-06 13:05:00,97.95,97.78,98.0,97.77,5361
2023-01-06 13:06:00,97.92,97.72,97.98,97.68,1272
2023-01-06 13:07:00,97.99,98.0,98.07,97.91,4961
2023-01-06 13:08:00,97.84,97.86,97.94,97.78,4331
2023-01-06 13:09:00,97.83,97.81,97.86,97.72,5147
2023-01-06 13:10:00,97.83,97.93,97.99,97.77,3785
2023-01-06 13:11:00,97.88,97.84,97.93,97.76,5793
2023-01-06 13:12:00,97.93,97.92,97.99,97.85,5655
2023-01-06 13:13:00,97.99,98.0,98.1,97.9,1246
2023-01-06 13:14:00,97.97,98.09,98.15,97.89,8083
2023-01-06 13:15:00,97.85,97.72,97.95,97.65,9026
2023-01-06 13:16:00,97.91,97.71,97.95,97.63,4063
2023-01-06 13:17:00,97.78,97.92,98.02,97.74,7592
2023-01-06 13:18:00,97.81,97.75,97.85,97.73,253
2023-01-06 13:19:00,97.72,97.81,97.89,97.67,3446
2023-01-06 13:20:00,97.89,98.02,98.08,97.85,4935
2023-01-06 13:21:00,97.92,98.04,98.09,97.84,8264
2023-01-06 13:22:00,97.91,97.66,97.99,97.59,7016
2023-01-06 13:23:00,97.87,97.73,97.9,97.66,1366
2023-01-06 13:24:00,98.02,98.11,98.12,97.96,2608
2023-01-06 13:25:00,98.03,97.85,98.05,97.77,5301
2023-01-06 13:26:00,98.11,98.08,98.12,98.01,1126
2023-01-06 13:27:00,97.92,98.02,98.03,97.9,7903
2023-01-06 13:28:00,97.84,97.86,97.9,97.78,7177
2023-01-06 13:29:00,97.76,97.79,97.81,97.71,5347
2023-01-06 13:30:00,97.82,97.68,97.82,97.59,2789
2023-01-06 13:31:00,97.96,98.03,98.12,97.9,2850
2023-01-06 13:32:00,97.83,97.85,97.89,97.74,2223
2023-01-06 13:33:00,97.91,98.04,98.11,97.85,3611
2023-01-06 13:34:00,98.02,97.89,98.06,97.87,456
2023-01-06 13:35:00,98.03,98.06,98.11,97.96,692
2023-01-06 13:36:00,98.06,98.13,98.15,98.03,8958
2023-01-06 13:37:00,98.19,98.22,98.27,98.14,1603
2023-01-06 13:38:00,98.36,98.32,98.45,98.26,1352
2023-01-06 13:39:00,98.36,98.46,98.54,98.29,9039
2023-01-06 13:40:00,98.4,98.27,98.41,98.18,3416
2023-01-06 13:41:00,98.28,98.48,98.5,98.2,8915
2023-01-06 13:42:00,98.25,98.3,98.31,98.23,2256
2023-01-06 13:43:00,98.36,98.45,98.52,98.27,4164
2023-01-06 13:44:00,98.38,98.37,98.4,98.28,9874
2023-01-06 13:45:00,98.4,98.33,98.47,98.3,481
2023-01-06 13:46:00,98.28,98.2,98.38,98.12,5457
2023-01-06 13:47:00,98.24,98.23,98.33,98.16,1847
2023-01-06 13:48:00,98.26,98.3,98.33,98.25,3182
2023-01-06 13:49:00,98.45,98.5,98.53,98.37,322
2023-01-06 13:50:00,98.58,98.55,98.66,98.54,4535
2023-01-06 13:51:00,98.7,98.76,98.81,98.66,3394
2023-01-06 13:52:00,98.57,98.62,98.63,98.47,9356
2023-01-06 13:53:00,98.66,98.68,98.74,98.57,1208
2023-01-06 13:54:00,98.71,98.59,98.73,98.5,1646
2023-01-06 13:55:00,98.9,98.78,98.92,98.72,9698
2023-01-06 13:56:00,98.86,98.98,99.05,98.85,658
2023-01-06 13:57:00,98.87,98.87,98.89,98.78,1245
2023-01-06 13:58:00,98.93,98.88,98.96,98.86,4812
2023-01-06 13:59:00,98.83,98.97,98.99,98.75,8490
2023-01-06 14:00:00,98.86,98.86,98.89,98.82,5000
2023-01-06 14:01:00,98.9,99.06,99.09,98.84,1623
2023-01-06 14:02:00,98.97,98.87,99.03,98.82,2728
2023-01-06 14:03:00,98.95,98.92,98.97,98.85,7321
2023-01-06 14:04:00,99.07,99.02,99.16,98.94,4581
2023-01-06 14:05:00,99.17,99.13,99.18,99.1,5579
2023-01-06 14:06:00,99.31,99.29,99.31,99.21,7721
2023-01-06 14:07:00,99.29,99.26,99.32,99.2,693
2023-01-06 14:08:00,99.46,99.63,99.71,99.43,1353
2023-01-06 14:09:00,99.31,99.3,99.39,99.25,268
2023-01-06 14:10:00,99.3,99.3,99.32,99.27,5116
2023-01-06 14:11:00,99.27,99.21,99.29,99.19,292
2023-01-06 14:12:00,99.22,99.02,99.22,98.97,6278
2023-01-06 14:13:00,99.05,98.98,99.06,98.92,4399
2023-01-06 14:14:00,99.13,99.16,99.2,99.12,1996
2023-01-06 14:15:00,99.05,99.1,99.14,98.96,3507
2023-01-06 14:16:00,98.98,98.87,99.01,98.85,9009
2023-01-06 14:17:00,99.09,99.1,99.15,99.04,2399
2023-01-06 14:18:00,99.2,98.98,99.23,98.92,4847
2023-01-06 14:19:00,99.1,99.11,99.2,99.02,4771
2023-01-06 14:20:00,99.18,99.16,99.24,99.07,8454
2023-01-06 14:21:00,99.06,99.06,99.13,98.96,5266
2023-01-06 14:22:00,99.05,99.15,99.16,98.96,7107
2023-01-06 14:23:00,99.0,98.96,99.04,98.88,6747
2023-01-06 14:24:00,99.11,99.19,99.21,99.06,3495
2023-01-06 14:25:00,99.01,99.16,99.17,99.0,4529
2023-01-06 14:26:00,99.05,99.03,99.11,98.98,1628
2023-01-06 14:27:00,99.17,99.03,99.22,99.01,1825
2023-01-06 14:28:00,99.04,98.98,99.05,98.9,7377
2023-01-06 14:29:00,99.21,99.21,99.24,99.19,8175
2023-01-06 14:30:00,99.1,99.2,99.22,99.07,667
2023-01-06 14:31:00,99.03,98.95,99.1,98.9,1138
2023-01-06 14:32:00,98.93,98.95,99.0,98.9,9558
2023-01-06 14:33:00,98.77,98.84,98.87,98.74,8730
2023-01-06 14:34:00,99.0,99.03,99.13,98.99,1111
2023-01-06 14:35:00,99.14,99.14,99.17,99.13,1893
2023-01-06 14:36:00,99.17,99.0,99.18,98.91,5486
2023-01-06 14:37:00,99.05,98.97,99.09,98.91,8717
2023-01-06 14:38:00,98.94,98.94,99.01,98.93,5278
2023-01-06 14:39:00,98.82,98.95,99.01,98.76,760
2023-01-06 14:40:00,98.64,98.57,98.72,98.5,9679
2023-01-06 14:41:00,98.46,98.41,98.53,98.39,5749
2023-01-06 14:42:00,98.48,98.32,98.56,98.3,2943
2023-01-06 14:43:00,98.43,98.49,98.49,98.37,1677
2023-01-06 14:44:00,98.4,98.21,98.43,98.19,4057
2023-01-06 14:45:00,98.25,98.12,98.33,98.07,519
2023-01-06 14:46:00,98.18,98.06,98.26,98.01,304
2023-01-06 14:47:00,98.2,98.45,98.49,98.13,955
2023-01-06 14:48:00,97.97,97.82,98.0,97.8,4820
2023-01-06 14:49:00,98.02,97.95,98.07,97.91,2941
2023-01-06 14:50:00,98.06,98.06,98.11,97.98,8143
2023-01-06 14:51:00,98.09,98.13,98.23,98.05,9883
2023-01-06 14:52:00,98.09,98.07,98.14,98.0,4448
2023-01-06 14:53:00,97.95,97.84,98.0,97.83,6851
2023-01-06 14:54:00,97.95,97.91,98.03,97.91,9616
2023-01-06 14:55:00,97.71,97.72,97.81,97.71,7009
2023-01-06 14:56:00,97.86,97.92,98.0,97.86,5435
2023-01-06 14:57:00,97.88,97.82,97.96,97.79,1014
2023-01-06 14:58:00,97.95,98.01,98.08,97.93,7923
2023-01-06 14:59:00,98.07,98.33,98.39,97.98,6180
2023-01-06 15:00:00,98.09,98.04,98.09,98.01,1142
2023-01-06 15:01:00,98.22,98.05,98.26,98.02,8111
2023-01-06 15:02:00,98.17,98.23,98.26,98.15,7384
2023-01-06 15:03:00,98.16,98.21,98.22,98.11,3364
2023-01-06 15:04:00,98.22,98.17,98.23,98.11,9219
2023-01-06 15:05:00,98.28,98.41,98.44,98.18,9581
2023-01-06 15:06:00,98.58,98.55,98.61,98.46,7563
2023-01-06 15:07:00,98.76,98.59,98.81,98.53,8559
2023-01-06 15:08:00,98.86,98.87,98.89,98.81,4339
2023-01-06 15:09:00,99.03,99.14,99.17,99.02,3172
2023-01-06 15:10:00,99.09,99.19,99.25,98.99,4443
2023-01-06 15:11:00,99.27,99.18,99.34,99.14,4835
2023-01-06 15:12:00,99.03,99.23,99.3,99.0,3433
2023-01-06 15:13:00,99.12,99.09,99.16,99.01,6271
2023-01-06 15:14:00,99.21,99.1,99.28,99.09,6199
2023-01-06 15:15:00,99.15,99.24,99.27,99.09,9636
2023-01-06 15:16:00,99.05,99.04,99.1,98.96,9524
2023-01-06 15:17:00,99.08,99.09,99.09,99.04,1275
2023-01-06 15:18:00,99.11,98.94,99.13,98.9,3642
2023-01-06 15:19:00,99.15,99.22,99.28,99.06,4023
2023-01-06 15:20:00,99.19,99.3,99.34,99.14,3704
2023-01-06 15:21:00,99.3,99.3,99.4,99.23,9141
2023-01-06 15:22:00,99.25,99.32,99.4,99.22,7541
2023-01-06 15:23:00,99.14,99.13,99.2,99.08,7296
2023-01-06 15:24:00,99.15,99.07,99.16,99.0,2406
2023-01-06 15:25:00,99.18,99.22,99.32,99.15,3714
2023-01-06 15:26:00,99.26,99.11,99.26,99.05,6581
2023-01-06 15:27:00,99.36,99.54,99.6,99.27,978
2023-01-06 15:28:00,99.3,99.39,99.45,99.3,8077
2023-01-06 15:29:00,99.4,99.44,99.46,99.35,1054
2023-01-06 15:30:00,99.49,99.43,99.58,99.43,9868
2023-01-06 15:31:00,99.36,99.31,99.46,99.3,1385
2023-01-06 15:32:00,99.35,99.26,99.37,99.21,4913
2023-01-06 15:33:00,99.12,98.94,99.17,98.87,3895
2023-01-06 15:34:00,99.35,99.44,99.45,99.34,6881
2023-01-06 15:35:00,99.32,99.29,99.4,99.2,6680
2023-01-06 15:36:00,99.41,99.36,99.42,99.33,935
2023-01-06 15:37:00,99.33,99.32,99.4,99.31,4192
2023-01-06 15:38:00,99.2,99.1,99.21,99.1,9993
2023-01-06 15:39:00,99.2,99.17,99.26,99.15,704
2023-01-06 15:40:00,99.11,99.05,99.21,99.03,6909
2023-01-06 15:41:00,99.07,98.99,99.09,98.99,183
2023-01-06 15:42:00,99.11,99.2,99.29,99.09,5076
2023-01-06 15:43:00,99.01,98.89,99.01,98.85,9168
2023-01-06 15:44:00,99.01,99.02,99.07,98.93,6264
2023-01-06 15:45:00,99.19,99.18,99.19,99.14,761
2023-01-06 15:46:00,99.21,99.31,99.39,99.16,1987
2023-01-06 15:47:00,99.25,99.17,99.32,99.1,2393
2023-01-06 15:48:00,99.29,99.34,99.42,99.25,6043
2023-01-06 15:49:00,99.34,99.4,99.47,99.33,2770
2023-01-06 15:50:00,99.43,99.53,99.57,99.43,3099
2023-01-06 15:51:00,99.42,99.57,99.65,99.35,5299
2023-01-06 15:52:00,99.43,99.28,99.51,99.26,6857
2023-01-06 15:53:00,99.58,99.65,99.71,99.54,5469
2023-01-06 15:54:00,99.45,99.47,99.54,99.41,8383
2023-01-06 15:55:00,99.42,99.51,99.53,99.33,8567
2023-01-06 15:56:00,99.33,99.43,99.49,99.31,8792
2023-01-06 15:57:00,99.3,99.48,99.51,99.25,8068
2023-01-06 15:58:00,99.42,99.42,99.49,99.35,4341
2023-01-06 15:59:00,99.36,99.34,99.42,99.33,6615
2023-01-06 16:00:00,99.46,99.45,99.49,99.41,7859
